phone number,signalstrength_4g,signalstrength_3g,Duration of good signal strength% ,Duration of bad Signal strength %
382-4657,-66,-52,0.969,0.031
371-7191,-66,-52,0.952,0.048
358-1921,-85,-71,0.942,0.058
375-9999,-76,-64,0.96,0.04
330-6626,-83,-72,0.971,0.029
391-8027,-104,-79,0.934,0.066
355-9993,-77,-63,0.939,0.061
329-9001,-80,-68,0.923,0.077
335-4719,-85,-73,0.935,0.065
330-8173,-80,-71,0.929,0.071
329-6603,-118,-107,0.873,0.127
344-9403,-85,-72,0.953,0.047
363-1107,-85,-70,0.991,0.009
394-8006,-86,-75,0.955,0.045
366-9238,-84,-72,0.967,0.033
351-7269,-118,-104,0.779,0.221
350-8884,-86,-71,0.951,0.049
386-2923,-84,-70,0.98,0.02
356-2992,-93,-80,0.967,0.033
373-2782,-98,-86,0.955,0.045
396-5800,-98,-84,0.939,0.061
393-7984,-110,-101,0.963,0.037
358-1958,-94,-80,0.949,0.051
350-2565,-93,-75,0.937,0.063
343-4696,-91,-77,0.956,0.044
331-3698,-72,-57,0.943,0.057
357-3817,-77,-59,0.973,0.027
418-6412,-86,-69,0.947,0.053
353-2630,-87,-75,0.958,0.042
410-7789,-69,-56,0.987,0.013
416-8428,-75,-62,0.981,0.019
370-3359,-69,-57,1,0
383-1121,-86,-74,0.998,0.002
360-1596,-112,-99,0.919,0.081
395-2854,-86,-74,0.998,0.002
362-1407,-85,-72,0.963,0.037
341-9764,-85,-72,0.948,0.052
353-3305,-66,-52,0.954,0.046
402-1381,-66,-52,0.994,0.006
332-9891,-80,-75,0.998,0.002
372-9976,-66,-55,0.991,0.009
383-6029,-118,-107,0.869,0.131
353-7289,-92,-87,0.93,0.07
390-7274,-85,-85,0.97,0.03
352-1237,-97,-84,0.961,0.039
353-3061,-88,-73,0.974,0.026
363-5450,-87,-76,0.952,0.048
364-1995,-84,-69,0.974,0.026
398-1294,-110,-100,0.946,0.054
405-7146,-84,-64,0.933,0.067
413-4957,-84,-64,0.931,0.069
420-5645,-77,-62,0.935,0.065
349-4396,-95,-77,0.99,0.01
404-3211,-87,-73,0.999,0.001
353-3759,-112,-102,0.881,0.119
363-5947,-83,-68,0.973,0.027
340-5121,-72,-70,0.942,0.058
370-7574,-122,-111,0.87,0.13
403-9733,-72,-61,0.934,0.066
355-7251,-85,-69,0.955,0.045
359-5893,-86,-74,0.998,0.002
405-3371,-82,-71,1,0
344-5117,-85,-72,0.953,0.047
332-8160,-83,-75,0.974,0.026
359-4081,-81,-70,0.968,0.032
352-8305,-99,-85,0.923,0.077
329-9847,-98,-82,0.995,0.005
365-9011,-80,-70,0.973,0.027
338-9472,-80,-68,0.989,0.011
374-8042,-115,-103,0.808,0.192
359-1231,-87,-66,0.954,0.046
413-7170,-93,-88,0.98,0.02
415-2935,-94,-81,0.964,0.036
399-4246,-93,-82,0.993,0.007
362-5889,-73,-58,0.927,0.073
350-8921,-73,-58,0.96,0.04
374-5353,-113,-102,0.935,0.065
360-1171,-117,-106,0.956,0.044
355-8887,-73,-58,0.934,0.066
333-1967,-91,-76,0.923,0.077
354-4577,-84,-71,0.951,0.049
331-7425,-98,-84,0.999,0.001
419-2637,-89,-79,0.937,0.063
411-1530,-96,-83,0.948,0.052
395-3026,-99,-88,0.912,0.088
388-6441,-82,-71,0.956,0.044
402-1251,-100,-87,0.973,0.027
412-9997,-90,-80,0.954,0.046
346-7302,-90,-80,0.927,0.073
358-9095,-107,-94,0.843,0.157
400-9770,-78,-66,0.946,0.054
334-1275,-114,-114,0.982,0.018
340-4953,-78,-63,0.934,0.066
400-9510,-88,-75,0.991,0.009
387-6103,-89,-76,0.94,0.06
366-4467,-87,-73,0.986,0.014
370-3450,-87,-73,0.959,0.041
327-3954,-66,-52,0.964,0.036
355-6291,-112,-112,0.987,0.013
362-9748,-110,-111,0.836,0.164
379-6506,-76,-63,0.948,0.052
347-7741,-79,-68,0.93,0.07
354-3783,-90,-76,0.982,0.018
401-7594,-79,-67,0.956,0.044
397-4976,-99,-84,0.993,0.007
334-2577,-86,-75,0.973,0.027
400-3637,-77,-82,0.974,0.026
383-4361,-77,-82,0.94,0.06
371-4306,-81,-72,0.928,0.072
403-4298,-84,-67,0.975,0.025
409-3786,-73,-67,0.976,0.024
337-4697,-89,-76,0.976,0.024
383-1509,-84,-71,0.973,0.027
359-9794,-86,-82,0.958,0.042
407-7035,-85,-71,0.968,0.032
363-1069,-111,-105,0.956,0.044
391-4652,-65,-53,0.957,0.043
355-6837,-114,-114,0.975,0.025
409-1244,-79,-60,0.937,0.063
328-3266,-79,-60,0.973,0.027
352-7072,-83,-74,0.987,0.013
370-7550,-78,-62,0.958,0.042
369-5526,-83,-68,0.967,0.033
329-4391,-85,-74,0.933,0.067
408-4195,-85,-75,0.98,0.02
354-4445,-76,-62,0.922,0.078
335-4858,-110,-97,0.837,0.163
414-8718,-113,-101,0.916,0.084
409-5939,-90,-74,0.96,0.04
331-4902,-90,-74,0.942,0.058
353-6870,-86,-80,0.978,0.022
355-2909,-94,-86,0.99,0.01
390-6101,-88,-84,0.94,0.06
400-3446,-67,-65,0.998,0.002
411-5859,-79,-60,0.984,0.016
387-2919,-77,-64,0.934,0.066
374-8525,-94,-83,0.924,0.076
379-5592,-75,-64,0.992,0.008
345-8237,-75,-64,0.999,0.001
422-6690,-76,-64,0.985,0.015
346-2359,-74,-59,0.984,0.016
374-3534,-82,-70,0.938,0.062
381-4756,-82,-70,0.95,0.05
390-2805,-82,-70,0.992,0.008
390-2390,-98,-86,0.809,0.191
419-9097,-84,-72,0.936,0.064
386-7281,-69,-57,0.971,0.029
380-3561,-83,-73,0.989,0.011
390-8760,-83,-73,0.993,0.007
366-6730,-80,-64,0.971,0.029
395-5285,-97,-65,0.986,0.014
354-3436,-93,-89,0.942,0.058
336-7600,-93,-88,0.939,0.061
383-6293,-72,-58,0.983,0.017
362-4596,-89,-74,0.956,0.044
401-3926,-85,-72,0.999,0.001
370-9116,-108,-101,0.97,0.03
328-6289,-72,-55,0.974,0.026
350-9994,-87,-74,0.954,0.046
351-4616,-72,-52,0.976,0.024
360-5779,-66,-57,0.945,0.055
417-4885,-66,-56,0.945,0.055
406-4710,-66,-56,0.952,0.048
409-8743,-73,-65,0.996,0.004
335-4584,-66,-56,0.99,0.01
361-9845,-66,-57,0.956,0.044
366-5699,-66,-56,0.949,0.051
329-9364,-66,-56,0.949,0.051
390-7434,-74,-62,0.966,0.034
404-9680,-84,-63,0.992,0.008
338-9398,-75,-61,0.977,0.023
394-2445,-95,-81,0.955,0.045
381-2709,-90,-80,0.962,0.038
397-5060,-79,-65,0.98,0.02
415-2393,-83,-68,0.988,0.012
377-1765,-81,-66,0.943,0.057
409-2111,-98,-85,0.946,0.054
401-3170,-98,-85,0.998,0.002
405-5681,-68,-58,0.927,0.073
411-4582,-63,-49,0.994,0.006
355-5009,-98,-59,0.925,0.075
372-3750,-108,-101,0.968,0.032
405-2888,-94,-80,0.939,0.061
361-3337,-81,-72,0.935,0.065
350-1639,-81,-68,0.94,0.06
333-3221,-81,-68,0.98,0.02
422-1471,-80,-71,0.993,0.007
399-7865,-80,-71,0.954,0.046
373-4819,-82,-67,0.981,0.019
338-6981,-74,-74,0.93,0.07
418-4365,-89,-73,0.944,0.056
359-5461,-81,-71,0.995,0.005
375-3586,-79,-66,0.943,0.057
407-8376,-87,-60,0.981,0.019
408-6496,-78,-61,0.958,0.042
385-7688,-87,-90,0.925,0.075
332-6934,-85,-83,0.929,0.071
378-3625,-105,-93,0.877,0.123
353-7292,-101,-90,0.92,0.08
399-6786,-75,-40,0.955,0.045
358-3261,-90,-73,0.994,0.006
377-9932,-79,-68,0.998,0.002
397-4030,-86,-76,0.946,0.054
367-1062,-86,-76,0.986,0.014
341-8467,-86,-76,0.958,0.042
339-9453,-76,-68,0.972,0.028
344-3388,-89,-73,0.925,0.075
375-8013,-84,-85,0.983,0.017
408-4142,-86,-74,0.97,0.03
386-3671,-84,-72,0.986,0.014
411-2284,-91,-78,0.965,0.035
346-7795,-97,-83,0.981,0.019
333-5609,-68,-52,0.983,0.017
405-1842,-75,-57,0.929,0.071
366-6345,-107,-94,0.97,0.03
337-9345,-84,-70,0.965,0.035
328-6770,-77,-72,0.989,0.011
380-7321,-83,-64,0.964,0.036
375-1476,-107,-93,0.961,0.039
356-1567,-86,-73,0.979,0.021
422-6685,-87,-71,0.989,0.011
336-1090,-83,-66,0.959,0.041
343-2095,-93,-81,0.943,0.057
345-3934,-95,-82,0.924,0.076
338-8050,-84,-71,0.997,0.003
388-9568,-91,-78,0.947,0.053
402-6591,-97,-80,0.991,0.009
403-6419,-86,-69,0.931,0.069
386-9790,-90,-75,0.932,0.068
378-5692,-82,-71,0.923,0.077
360-3324,-100,-91,0.957,0.043
410-3719,-87,-75,0.981,0.019
352-4221,-86,-82,0.992,0.008
327-6179,-94,-86,0.992,0.008
359-6196,-74,-65,0.95,0.05
374-9107,-101,-91,0.974,0.026
357-4078,-77,-64,0.927,0.073
366-5780,-85,-71,0.922,0.078
393-9619,-73,-60,0.95,0.05
355-9295,-89,-75,0.953,0.047
400-5751,-73,-60,0.968,0.032
338-1027,-100,-93,0.827,0.173
405-8867,-94,-81,0.933,0.067
336-5616,-76,-63,0.947,0.053
335-1697,-106,-91,0.993,0.007
331-5138,-76,-63,0.997,0.003
385-8240,-67,-70,0.99,0.01
348-1359,-73,-59,0.943,0.057
354-7339,-70,-53,0.955,0.045
349-1687,-86,-77,0.947,0.053
380-2558,-106,-97,0.858,0.142
365-2153,-91,-76,0.941,0.059
345-6043,-80,-73,0.985,0.015
349-2808,-80,-73,0.99,0.01
411-1715,-79,-74,0.932,0.068
385-2488,-90,-78,0.923,0.077
377-7177,-59,-46,0.992,0.008
342-1099,-87,-72,0.954,0.046
386-4170,-101,-87,0.899,0.101
413-1269,-81,-75,0.976,0.024
396-4460,-85,-58,0.957,0.043
334-2730,-82,-74,0.97,0.03
340-3182,-73,-63,0.997,0.003
377-8608,-83,-70,0.934,0.066
417-3676,-81,-69,0.952,0.048
417-6774,-92,-81,0.959,0.041
411-9554,-89,-78,0.942,0.058
420-3192,-74,-61,0.923,0.077
389-1475,-71,-60,0.966,0.034
343-7734,-77,-64,0.935,0.065
410-3390,-91,-80,0.929,0.071
344-6495,-85,-76,0.946,0.054
331-6229,-83,-70,0.924,0.076
337-7501,-90,-78,0.975,0.025
339-9631,-100,-84,0.941,0.059
369-4384,-82,-71,0.95,0.05
416-3915,-95,-76,0.954,0.046
339-3049,-102,-88,0.997,0.003
361-7998,-96,-77,0.993,0.007
355-4842,-96,-77,0.941,0.059
387-6440,-88,-73,0.93,0.07
369-2625,-88,-74,0.969,0.031
389-7073,-82,-70,0.996,0.004
370-8463,-82,-68,0.934,0.066
362-7318,-85,-78,0.963,0.037
412-1194,-73,-58,0.961,0.039
355-9508,-68,-57,0.982,0.018
352-8202,-93,-76,0.93,0.07
335-5882,-76,-61,0.992,0.008
352-6976,-102,-88,0.986,0.014
393-6733,-84,-71,0.949,0.051
335-1838,-92,-80,0.97,0.03
355-6930,-90,-76,0.966,0.034
387-5860,-108,-100,0.972,0.028
343-2605,-94,-78,0.933,0.067
350-6759,-80,-52,0.993,0.007
371-1514,-86,-67,0.989,0.011
346-9317,-85,-74,0.947,0.053
398-4313,-73,-66,0.925,0.075
412-4399,-84,-67,0.967,0.033
330-1835,-91,-79,0.953,0.047
416-1676,-100,-89,0.901,0.099
329-7347,-101,-86,0.811,0.189
360-6868,-83,-75,0.949,0.051
405-6641,-97,-83,0.988,0.012
393-2373,-88,-74,0.998,0.002
419-1714,-108,-94,0.783,0.217
336-3819,-111,-101,0.803,0.197
341-3464,-88,-74,0.976,0.024
413-5310,-79,-63,0.924,0.076
366-7912,-116,-108,0.958,0.042
399-8845,-94,-81,0.953,0.047
368-2583,-83,-67,0.973,0.027
360-6309,-88,-75,0.983,0.017
359-5890,-78,-64,0.954,0.046
332-2462,-96,-84,0.978,0.022
381-9196,-93,-80,0.934,0.066
329-3222,-72,-61,0.94,0.06
363-5819,-72,-61,0.95,0.05
413-9269,-108,-94,1,0
330-7483,-91,-77,0.947,0.053
403-7775,-91,-77,0.943,0.057
360-2479,-91,-77,0.941,0.059
394-3791,-88,-74,0.958,0.042
384-2632,-91,-78,0.999,0.001
359-8466,-96,-85,0.987,0.013
331-8909,-96,-83,0.95,0.05
359-5160,-92,-79,0.943,0.057
330-9833,-72,-60,0.936,0.064
362-2314,-83,-68,0.985,0.015
338-8478,-83,-69,0.994,0.006
387-5453,-102,-88,0.817,0.183
380-3437,-111,-97,0.84,0.16
365-8779,-70,-57,0.96,0.04
407-2750,-79,-68,0.932,0.068
396-8265,-77,-69,0.953,0.047
397-4304,-81,-62,0.941,0.059
333-2611,-86,-73,0.963,0.037
409-8814,-75,-62,0.96,0.04
336-5406,-75,-55,0.942,0.058
343-6940,-109,-93,0.821,0.179
361-9923,-96,-65,0.949,0.051
350-6639,-91,-80,0.978,0.022
376-4300,-87,-72,0.984,0.016
349-6567,-66,-50,0.961,0.039
333-7749,-83,-67,0.956,0.044
408-6089,-93,-79,0.987,0.013
375-2165,-81,-70,0.927,0.073
400-6999,-75,-63,0.939,0.061
420-7823,-97,-87,0.972,0.028
366-5241,-81,-70,0.95,0.05
413-3412,-84,-70,0.985,0.015
406-2752,-79,-72,0.948,0.052
337-8078,-62,-43,0.948,0.052
402-1942,-105,-94,0.93,0.07
371-7917,-76,-60,0.976,0.024
343-6374,-79,-64,0.956,0.044
385-8730,-77,-36,0.964,0.036
393-7892,-75,-61,0.972,0.028
407-6748,-75,-61,0.97,0.03
341-4463,-101,-91,0.943,0.057
351-2587,-75,-61,0.987,0.013
421-9752,-75,-61,0.99,0.01
356-4001,-75,-61,0.995,0.005
328-9869,-75,-61,0.932,0.068
343-5709,-100,-85,0.945,0.055
334-1872,-75,-61,0.995,0.005
350-1040,-78,-65,0.991,0.009
369-3214,-78,-65,0.94,0.06
385-6778,-74,-60,0.987,0.013
383-7689,-84,-70,0.955,0.045
385-5722,-84,-70,0.93,0.07
357-1909,-102,-89,0.946,0.054
364-3567,-87,-65,0.974,0.026
422-4241,-90,-81,0.976,0.024
370-2957,-86,-73,0.927,0.073
329-6562,-90,-77,0.928,0.072
363-3515,-87,-76,0.948,0.052
374-7787,-101,-85,0.82,0.18
345-2931,-79,-63,0.976,0.024
373-5732,-91,-76,0.987,0.013
348-7437,-64,-50,0.993,0.007
332-9460,-77,-64,0.998,0.002
355-6531,-89,-83,0.992,0.008
336-9390,-88,-77,0.938,0.062
346-8581,-87,-74,0.947,0.053
363-8824,-86,-78,0.999,0.001
353-3351,-91,-77,0.959,0.041
360-4320,-70,-56,0.998,0.002
417-6252,-66,-51,0.936,0.064
393-4949,-69,-59,0.982,0.018
401-3156,-93,-79,0.938,0.062
338-6283,-82,-85,0.945,0.055
352-9017,-68,-56,0.976,0.024
405-5305,-107,-96,0.93,0.07
376-9249,-71,-54,0.974,0.026
339-7139,-79,-66,0.93,0.07
328-6011,-101,-87,0.879,0.121
378-1303,-94,-82,0.971,0.029
402-5155,-103,-88,0.907,0.093
333-5430,-88,-82,0.991,0.009
365-9696,-87,-79,0.969,0.031
410-4023,-69,-55,0.967,0.033
411-7649,-69,-55,0.948,0.052
338-4065,-69,-55,0.987,0.013
421-9401,-69,-55,0.925,0.075
343-9658,-74,-61,0.962,0.038
332-5521,-105,-94,0.832,0.168
349-4369,-74,-61,0.941,0.059
351-4288,-74,-61,0.973,0.027
422-5874,-74,-61,0.979,0.021
396-2324,-69,-55,0.922,0.078
416-5662,-88,-74,0.97,0.03
363-9663,-93,-84,0.969,0.031
410-9477,-64,-52,0.942,0.058
352-4418,-104,-90,0.957,0.043
361-6563,-109,-95,0.83,0.17
417-4404,-95,-83,0.986,0.014
372-8048,-77,-64,0.98,0.02
356-3646,-79,-67,0.943,0.057
351-9604,-87,-77,0.928,0.072
355-9581,-91,-79,0.931,0.069
396-5189,-89,-76,0.994,0.006
356-9187,-85,-70,0.95,0.05
394-5537,-72,-52,0.95,0.05
408-2712,-66,-56,0.95,0.05
404-4486,-88,-75,0.936,0.064
355-1113,-95,-82,0.926,0.074
411-4674,-52,-62,0.957,0.043
376-4519,-67,-57,0.959,0.041
365-5979,-107,-96,0.977,0.023
382-2879,-78,-60,0.957,0.043
420-1383,-83,-73,0.991,0.009
411-7390,-83,-73,0.973,0.027
383-8848,-83,-73,0.966,0.034
387-9301,-89,-81,0.986,0.014
399-3164,-89,-81,0.989,0.011
385-8997,-111,-95,0.884,0.116
352-6573,-73,-72,0.959,0.041
408-3384,-86,-75,0.942,0.058
419-6033,-73,-62,0.936,0.064
336-2090,-79,-65,0.932,0.068
343-7242,-82,-68,0.951,0.049
376-1713,-68,-60,0.997,0.003
381-5878,-91,-78,0.922,0.078
390-5470,-81,-66,0.95,0.05
414-4803,-84,-71,0.962,0.038
382-5478,-79,-66,0.998,0.002
333-7637,-79,-66,0.991,0.009
341-1647,-85,-70,0.939,0.061
411-4232,-78,-67,0.995,0.005
339-2616,-91,-75,0.934,0.066
327-3850,-95,-82,0.923,0.077
328-7209,-68,-55,0.944,0.056
405-6189,-103,-88,0.946,0.054
418-6737,-124,-112,0.818,0.182
366-2212,-82,-69,0.953,0.047
356-1420,-80,-69,0.959,0.041
343-1323,-95,-81,0.978,0.022
361-8239,-84,-69,0.988,0.012
384-1621,-94,-81,0.947,0.053
360-3525,-84,-64,0.977,0.023
392-3813,-69,-54,0.992,0.008
337-6898,-90,-69,0.945,0.055
366-8036,-97,-89,0.97,0.03
352-8327,-113,-106,0.864,0.136
334-9505,-102,-97,0.833,0.167
336-5702,-79,-58,0.983,0.017
392-2381,-75,-58,0.955,0.045
369-6880,-75,-58,0.928,0.072
416-8697,-75,-60,0.922,0.078
345-3451,-75,-64,0.962,0.038
379-2514,-67,-53,0.97,0.03
418-6651,-99,-86,0.948,0.052
421-3528,-63,-49,0.938,0.062
329-9046,-63,-49,0.944,0.056
406-3890,-66,-60,0.997,0.003
403-8904,-85,-71,0.999,0.001
393-4086,-79,-70,0.924,0.076
400-1367,-83,-72,0.945,0.055
377-9473,-85,-75,0.927,0.073
396-3068,-72,-65,0.972,0.028
331-9293,-76,-68,0.998,0.002
347-1914,-93,-78,0.979,0.021
395-1962,-65,-53,0.971,0.029
401-5485,-97,-86,0.957,0.043
355-6560,-92,-79,0.994,0.006
363-3911,-84,-71,0.951,0.049
345-1998,-83,-68,0.936,0.064
361-5277,-85,-71,0.923,0.077
376-7145,-84,-69,0.924,0.076
375-2975,-101,-86,0.897,0.103
376-8573,-134,-92,0.8,0.2
366-7360,-84,-69,0.984,0.016
347-7898,-88,-87,0.961,0.039
390-7328,-95,-90,0.946,0.054
356-5491,-79,-59,0.977,0.023
373-3251,-96,-80,0.996,0.004
343-1965,-106,-88,0.939,0.061
378-8019,-81,-67,0.925,0.075
386-1548,-84,-75,0.97,0.03
397-1649,-88,-76,0.94,0.06
366-7247,-104,-86,0.805,0.195
402-9691,-95,-81,0.929,0.071
334-9806,-78,-62,0.982,0.018
378-7733,-91,-72,0.996,0.004
407-2248,-92,-66,0.977,0.023
405-3916,-101,-97,0.986,0.014
407-2081,-75,-51,0.951,0.049
397-9148,-107,-94,0.995,0.005
415-4857,-78,-77,0.959,0.041
354-7314,-89,-75,0.979,0.021
346-5611,-89,-75,0.931,0.069
349-4703,-95,-74,0.95,0.05
411-7778,-105,-86,0.825,0.175
421-1469,-95,-74,0.927,0.073
420-5990,-95,-82,0.97,0.03
389-4780,-103,-96,0.989,0.011
357-2735,-87,-72,0.978,0.022
409-4791,-84,-70,0.938,0.062
380-5286,-74,-61,0.985,0.015
394-8402,-100,-88,0.815,0.185
392-1616,-85,-73,0.936,0.064
364-1969,-85,-73,0.988,0.012
390-4152,-72,-50,0.944,0.056
367-7039,-88,-73,0.997,0.003
391-6607,-40,-26,0.927,0.073
379-6652,-73,-58,0.96,0.04
384-1833,-85,-69,0.937,0.063
403-2455,-83,-72,0.975,0.025
391-1348,-87,-75,0.983,0.017
408-4174,-81,-67,0.957,0.043
366-4334,-91,-87,0.997,0.003
406-5059,-93,-85,0.927,0.073
373-6784,-94,-80,0.944,0.056
408-3532,-83,-67,0.977,0.023
350-8680,-70,-54,0.997,0.003
398-9870,-90,-72,0.97,0.03
343-3356,-73,-59,0.961,0.039
415-4609,-80,-69,0.968,0.032
404-5387,-81,-67,0.977,0.023
415-8151,-83,-65,0.974,0.026
416-2778,-99,-93,0.94,0.06
393-3300,-89,-79,0.981,0.019
391-7661,-84,-72,0.927,0.073
339-4317,-94,-77,0.929,0.071
418-6455,-106,-95,0.924,0.076
378-3508,-109,-95,0.785,0.215
390-9359,-95,-82,0.989,0.011
364-2495,-80,-71,0.993,0.007
364-7719,-109,-87,0.796,0.204
421-1189,-80,-67,0.941,0.059
419-8987,-100,-87,0.887,0.113
402-9980,-80,-71,0.939,0.061
376-5908,-80,-71,0.965,0.035
400-3150,-81,-67,0.966,0.034
336-1749,-83,-67,0.973,0.027
420-1259,-82,-61,0.96,0.04
339-7541,-101,-97,0.922,0.078
378-9029,-72,-60,0.947,0.053
342-7514,-66,-50,0.945,0.055
422-4956,-66,-50,0.927,0.073
389-8606,-76,-66,0.994,0.006
406-7261,-76,-66,0.926,0.074
417-7973,-65,-53,0.962,0.038
390-2891,-76,-66,0.99,0.01
385-7387,-76,-66,0.928,0.072
362-2776,-76,-66,0.964,0.036
329-1955,-65,-53,0.997,0.003
344-3160,-110,-98,0.889,0.111
406-2454,-76,-66,0.963,0.037
335-3913,-82,-72,0.927,0.073
355-7705,-82,-72,0.97,0.03
410-7108,-70,-60,0.972,0.028
419-1674,-113,-90,0.841,0.159
351-7369,-98,-83,0.986,0.014
349-9566,-98,-83,0.967,0.033
333-3421,-66,-55,0.974,0.026
393-8199,-86,-76,0.933,0.067
388-4879,-84,-66,0.97,0.03
353-6007,-106,-93,0.962,0.038
416-1557,-79,-40,0.975,0.025
356-7217,-81,-70,0.941,0.059
350-2012,-81,-70,0.941,0.059
420-9838,-102,-88,0.843,0.157
373-6379,-84,-70,0.941,0.059
355-7293,-85,-71,0.944,0.056
406-4588,-90,-77,0.947,0.053
345-1524,-100,-96,0.955,0.045
375-8493,-90,-77,0.97,0.03
361-2924,-87,-73,0.996,0.004
359-6163,-90,-77,0.935,0.065
411-8140,-97,-83,0.926,0.074
381-9049,-98,-83,0.976,0.024
344-4478,-81,-70,0.926,0.074
360-2690,-75,-63,0.992,0.008
410-7383,-81,-70,0.977,0.023
356-1889,-81,-70,0.96,0.04
341-2360,-81,-70,0.952,0.048
370-3021,-81,-70,0.954,0.046
336-4656,-81,-70,0.936,0.064
386-2810,-109,-88,0.812,0.188
350-1354,-82,-69,0.934,0.066
346-5707,-88,-79,0.961,0.039
405-8370,-86,-79,0.994,0.006
373-2053,-103,-89,0.988,0.012
369-5222,-86,-79,0.924,0.076
347-7420,-83,-64,0.98,0.02
392-6856,-83,-64,0.998,0.002
371-5556,-88,-71,0.935,0.065
334-5337,-92,-80,0.955,0.045
334-8817,-81,-67,0.974,0.026
339-1405,-85,-69,0.941,0.059
380-7742,-102,-92,0.787,0.213
329-6191,-84,-70,0.962,0.038
340-3075,-92,-77,0.995,0.005
416-5849,-87,-80,0.946,0.054
334-7443,-78,-63,0.952,0.048
394-9121,-92,-73,0.982,0.018
383-1657,-103,-89,0.868,0.132
347-4112,-81,-64,0.923,0.077
362-8280,-90,-81,0.977,0.023
402-9982,-85,-75,0.96,0.04
392-8905,-80,-73,0.988,0.012
392-5512,-80,-73,0.968,0.032
351-6384,-80,-73,0.998,0.002
348-8015,-103,-87,0.876,0.124
374-6966,-80,-73,0.968,0.032
328-2236,-80,-73,0.944,0.056
372-6497,-101,-91,0.893,0.107
417-8617,-80,-73,0.943,0.057
361-9621,-73,-61,0.947,0.053
421-2723,-73,-61,0.943,0.057
327-9341,-73,-61,0.96,0.04
383-5474,-73,-61,0.951,0.049
328-8147,-62,-46,0.99,0.01
373-5438,-62,-46,0.97,0.03
333-9253,-92,-80,0.942,0.058
347-9421,-91,-79,0.957,0.043
419-3167,-85,-80,0.925,0.075
414-4162,-85,-80,0.991,0.009
416-5341,-85,-80,0.927,0.073
368-8600,-86,-77,0.973,0.027
336-6085,-88,-75,0.966,0.034
377-1479,-85,-72,0.972,0.028
360-2107,-93,-80,0.923,0.077
405-9384,-80,-84,0.977,0.023
420-5179,-69,-53,0.955,0.045
331-3174,-91,-77,0.929,0.071
411-5958,-101,-88,0.992,0.008
333-8180,-82,-73,0.97,0.03
357-2679,-82,-73,0.98,0.02
396-2867,-88,-74,0.947,0.053
341-9443,-74,-58,0.969,0.031
341-4103,-69,-56,0.964,0.036
416-8701,-101,-90,0.92,0.08
397-6109,-69,-56,0.956,0.044
392-5587,-88,-77,0.999,0.001
392-9342,-91,-91,0.995,0.005
368-2845,-95,-83,0.942,0.058
405-4920,-106,-91,0.789,0.211
348-7484,-98,-87,0.978,0.022
338-5207,-82,-69,0.983,0.017
418-7846,-86,-79,0.943,0.057
358-8729,-86,-81,0.948,0.052
349-1943,-91,-77,0.991,0.009
368-8283,-86,-75,0.96,0.04
345-1419,-90,-77,0.952,0.048
358-8025,-96,-83,0.951,0.049
383-8695,-92,-80,0.956,0.044
370-7565,-82,-69,0.964,0.036
401-6162,-89,-75,0.945,0.055
386-5303,-85,-72,0.993,0.007
351-6552,-87,-81,0.993,0.007
345-5338,-96,-87,0.956,0.044
330-2849,-82,-63,0.979,0.021
364-6801,-82,-69,0.938,0.062
375-3003,-93,-76,0.969,0.031
383-8878,-82,-74,0.987,0.013
384-2372,-101,-94,0.951,0.049
377-7107,-84,-66,0.939,0.061
361-1581,-79,-63,0.943,0.057
417-7888,-69,-62,0.954,0.046
383-8364,-82,-85,0.964,0.036
396-2335,-73,-63,0.96,0.04
408-4530,-94,-83,0.953,0.047
408-6621,-77,-66,0.996,0.004
393-7522,-81,-67,0.937,0.063
338-7120,-78,-66,0.968,0.032
357-4265,-92,-78,0.978,0.022
398-8801,-92,-78,1,0
346-2347,-91,-78,0.961,0.039
343-2741,-80,-69,0.954,0.046
420-8242,-94,-78,0.971,0.029
402-7746,-65,-50,0.965,0.035
332-1494,-65,-50,0.935,0.065
388-6223,-84,-67,0.952,0.048
404-9539,-89,-75,0.953,0.047
341-7332,-76,-63,0.933,0.067
338-7886,-76,-64,0.992,0.008
332-5596,-86,-72,0.942,0.058
348-9945,-75,-61,0.974,0.026
407-1896,-80,-68,0.968,0.032
398-9408,-79,-65,0.934,0.066
369-8005,-88,-77,0.968,0.032
346-2530,-69,-59,0.95,0.05
400-5984,-87,-73,0.995,0.005
351-1007,-93,-83,0.975,0.025
345-5980,-99,-84,0.999,0.001
368-8964,-74,-60,1,0
358-1912,-92,-80,0.958,0.042
379-3132,-93,-80,0.943,0.057
340-9910,-82,-71,0.947,0.053
396-2719,-85,-71,0.968,0.032
369-6204,-76,-61,0.961,0.039
420-9971,-104,-87,0.801,0.199
410-3782,-63,-50,0.954,0.046
404-4481,-88,-74,0.975,0.025
383-9255,-91,-77,0.941,0.059
418-9385,-94,-81,0.96,0.04
360-9676,-85,-83,0.994,0.006
327-3587,-101,-89,0.935,0.065
385-4715,-81,-71,0.966,0.034
414-2695,-69,-56,0.929,0.071
331-5999,-69,-56,0.99,0.01
337-7739,-82,-68,0.986,0.014
388-6658,-93,-87,0.954,0.046
405-6943,-67,-55,0.945,0.055
382-4084,-77,-63,0.998,0.002
352-8249,-93,-80,0.983,0.017
353-8363,-102,-92,0.84,0.16
416-2825,-87,-74,0.963,0.037
342-6696,-91,-65,0.957,0.043
338-9210,-80,-78,0.987,0.013
328-1768,-93,-80,0.928,0.072
406-5870,-89,-77,1,0
398-3834,-103,-88,0.824,0.176
330-7754,-100,-87,0.918,0.082
414-9054,-77,-64,0.956,0.044
350-2832,-77,-64,0.936,0.064
414-9027,-78,-67,0.945,0.055
337-1225,-75,-59,0.955,0.045
394-6577,-92,-80,0.987,0.013
359-6995,-79,-72,0.952,0.048
377-7561,-78,-69,0.977,0.023
380-6631,-92,-80,0.988,0.012
390-8876,-83,-68,0.982,0.018
413-2201,-93,-75,0.955,0.045
374-2073,-90,-80,0.985,0.015
417-1272,-79,-67,0.987,0.013
358-1129,-107,-76,0.951,0.049
394-1211,-81,-69,0.973,0.027
327-1319,-87,-75,0.943,0.057
399-4413,-97,-84,0.928,0.072
393-9985,-87,-73,0.975,0.025
401-8377,-77,-65,0.922,0.078
331-3202,-77,-65,0.953,0.047
358-5953,-89,-76,0.982,0.018
380-7624,-94,-81,0.973,0.027
416-5261,-92,-80,0.974,0.026
417-5067,-86,-72,0.931,0.069
345-6515,-87,-68,0.992,0.008
406-1349,-87,-68,0.941,0.059
360-9038,-91,-81,0.961,0.039
348-3444,-96,-87,0.938,0.062
370-2892,-100,-78,0.943,0.057
383-4061,-103,-88,0.806,0.194
391-7937,-82,-76,0.933,0.067
389-4083,-87,-74,0.995,0.005
410-9633,-88,-79,0.931,0.069
418-9502,-92,-79,0.999,0.001
339-6637,-103,-89,0.999,0.001
356-3403,-90,-75,0.935,0.065
371-9457,-104,-85,0.985,0.015
391-8087,-85,-72,0.944,0.056
392-6420,-93,-81,0.935,0.065
399-4094,-73,-57,0.975,0.025
378-4013,-90,-80,0.936,0.064
386-6306,-84,-72,0.988,0.012
359-3618,-95,-83,0.996,0.004
340-8875,-99,-86,0.931,0.069
330-2693,-85,-68,0.952,0.048
403-7627,-84,-73,0.987,0.013
342-3678,-88,-79,0.974,0.026
344-9943,-90,-76,0.983,0.017
390-5686,-87,-74,0.958,0.042
358-5826,-97,-85,0.988,0.012
393-7826,-97,-88,0.791,0.209
335-9786,-90,-79,0.94,0.06
368-9860,-96,-86,0.953,0.047
416-9522,-97,-83,0.964,0.036
416-7307,-85,-73,0.957,0.043
397-6789,-100,-91,0.913,0.087
335-9501,-88,-74,0.997,0.003
388-1250,-88,-75,0.939,0.061
386-1374,-87,-73,0.941,0.059
346-8112,-87,-73,0.941,0.059
364-9040,-97,-90,0.933,0.067
366-3944,-76,-62,0.94,0.06
331-9861,-99,-85,0.969,0.031
330-2881,-96,-84,0.982,0.018
402-9558,-84,-72,0.997,0.003
341-3180,-102,-84,0.991,0.009
371-8598,-95,-84,0.928,0.072
398-8385,-95,-84,0.993,0.007
333-4154,-95,-84,0.927,0.073
330-3589,-95,-84,0.987,0.013
417-1477,-95,-84,0.967,0.033
327-5525,-95,-84,0.929,0.071
363-8244,-95,-84,0.959,0.041
419-9104,-95,-84,0.94,0.06
363-1560,-95,-84,0.972,0.028
341-4075,-95,-84,0.923,0.077
366-9074,-95,-84,0.991,0.009
367-1424,-95,-84,0.927,0.073
341-1191,-103,-87,0.998,0.002
342-9480,-95,-84,0.982,0.018
355-9360,-95,-84,0.984,0.016
343-1538,-95,-84,0.982,0.018
335-2331,-95,-84,0.946,0.054
335-7257,-95,-84,0.958,0.042
332-2137,-95,-84,0.927,0.073
352-2998,-95,-84,0.968,0.032
346-6941,-95,-84,0.935,0.065
400-2203,-95,-84,0.923,0.077
421-2955,-95,-84,0.967,0.033
331-6629,-95,-84,0.991,0.009
343-6314,-95,-84,0.925,0.075
414-6638,-95,-84,0.985,0.015
350-5883,-95,-84,0.926,0.074
409-4447,-100,-89,0.913,0.087
376-4856,-95,-84,0.935,0.065
335-1874,-105,-103,0.903,0.097
397-6255,-95,-84,0.968,0.032
381-5047,-95,-84,0.987,0.013
403-6850,-95,-84,0.923,0.077
375-3658,-95,-84,0.984,0.016
341-2603,-95,-84,0.959,0.041
342-5062,-95,-84,0.952,0.048
354-1558,-95,-84,0.943,0.057
351-9537,-95,-84,0.981,0.019
401-1252,-95,-84,0.926,0.074
366-9538,-95,-84,0.946,0.054
364-7622,-95,-84,0.981,0.019
393-9918,-95,-84,0.926,0.074
376-4484,-95,-84,0.94,0.06
410-6791,-103,-101,0.79,0.21
343-2392,-95,-84,0.95,0.05
408-4323,-95,-84,0.955,0.045
395-1718,-95,-84,0.994,0.006
354-9492,-95,-84,0.938,0.062
367-8168,-100,-103,0.97,0.03
340-3500,-95,-84,0.991,0.009
369-4962,-95,-84,0.946,0.054
334-8967,-95,-84,0.985,0.015
402-2377,-95,-84,0.962,0.038
366-3917,-95,-84,1,0
333-3531,-95,-84,0.989,0.011
333-8954,-95,-84,0.993,0.007
374-9203,-103,-89,0.826,0.174
334-3289,-95,-84,0.932,0.068
353-7822,-95,-84,0.988,0.012
350-1422,-95,-84,0.988,0.012
385-8406,-95,-84,0.989,0.011
380-7277,-95,-84,0.961,0.039
352-1798,-95,-84,0.951,0.049
385-7922,-95,-84,0.974,0.026
353-7730,-95,-84,0.971,0.029
337-7163,-95,-84,0.977,0.023
348-5567,-95,-84,0.947,0.053
420-9575,-95,-84,0.941,0.059
366-3358,-105,-89,0.812,0.188
359-9972,-95,-84,0.923,0.077
387-3332,-95,-84,0.986,0.014
354-6960,-95,-84,0.995,0.005
405-3335,-95,-84,0.98,0.02
379-4257,-95,-84,0.958,0.042
355-4992,-95,-84,0.96,0.04
383-6373,-95,-84,0.946,0.054
382-7993,-95,-84,0.993,0.007
422-5865,-92,-86,0.958,0.042
410-9961,-95,-90,1,0
343-9946,-96,-83,0.957,0.043
357-7060,-95,-82,0.94,0.06
355-9541,-78,-67,0.983,0.017
378-4145,-83,-71,0.924,0.076
386-2317,-76,-60,0.997,0.003
335-8146,-80,-64,0.995,0.005
377-2235,-67,-60,0.941,0.059
386-9141,-88,-75,0.967,0.033
416-5623,-87,-74,0.977,0.023
327-3053,-91,-83,0.972,0.028
395-6195,-103,-90,0.976,0.024
397-8772,-88,-73,0.944,0.056
346-7656,-101,-94,0.924,0.076
343-2350,-95,-80,1,0
372-4722,-97,-82,0.944,0.056
399-8615,-93,-79,0.933,0.067
379-8248,-82,-70,0.929,0.071
414-6219,-78,-64,0.949,0.051
387-1343,-98,-86,0.989,0.011
370-5527,-107,-89,0.777,0.223
393-8736,-71,-56,0.999,0.001
402-7626,-94,-82,0.934,0.066
370-2688,-102,-91,0.928,0.072
418-9036,-104,-88,0.916,0.084
417-2035,-91,-77,0.925,0.075
355-3602,-77,-60,0.989,0.011
393-4027,-79,-58,0.924,0.076
418-5141,-77,-60,0.969,0.031
406-1247,-78,-65,0.978,0.022
402-3892,-101,-88,0.892,0.108
332-2965,-73,-58,0.971,0.029
377-1218,-84,-69,0.99,0.01
355-2464,-105,-86,0.855,0.145
404-4611,-96,-84,0.952,0.048
373-2339,-98,-87,0.998,0.002
410-3503,-99,-85,0.952,0.048
410-4739,-89,-80,0.936,0.064
365-3562,-92,-79,0.963,0.037
387-7641,-79,-63,0.997,0.003
385-9744,-78,-55,0.961,0.039
398-5006,-96,-84,0.948,0.052
408-3977,-84,-70,0.947,0.053
334-2729,-87,-69,0.986,0.014
334-7685,-81,-68,0.991,0.009
350-9228,-83,-70,0.93,0.07
407-5774,-75,-66,0.965,0.035
413-4039,-76,-66,0.924,0.076
343-2077,-82,-55,0.962,0.038
336-5661,-99,-85,0.976,0.024
355-4143,-95,-81,0.943,0.057
366-5918,-72,-58,0.956,0.044
368-7555,-101,-88,0.794,0.206
408-2119,-85,-76,0.982,0.018
329-2789,-94,-81,0.975,0.025
334-1508,-96,-79,0.948,0.052
337-1506,-64,-67,0.941,0.059
396-8400,-82,-68,0.953,0.047
349-2654,-94,-80,0.93,0.07
417-2716,-88,-69,0.993,0.007
402-1725,-77,-59,0.969,0.031
403-3229,-79,-53,0.943,0.057
353-6056,-77,-59,0.951,0.049
399-9802,-107,-95,0.856,0.144
366-7069,-66,-72,0.942,0.058
332-5949,-110,-91,0.997,0.003
393-6376,-76,-62,0.969,0.031
354-7025,-85,-72,0.943,0.057
351-6585,-77,-66,0.948,0.052
330-5462,-78,-64,0.922,0.078
407-2292,-93,-79,0.941,0.059
340-3011,-91,-78,0.934,0.066
345-9153,-97,-83,0.934,0.066
379-5503,-99,-86,0.967,0.033
389-6790,-95,-84,0.997,0.003
408-3610,-77,-59,0.938,0.062
375-8238,-77,-59,0.94,0.06
378-5633,-92,-85,0.994,0.006
389-9120,-84,-71,0.935,0.065
380-2758,-98,-85,0.923,0.077
402-2728,-91,-77,0.977,0.023
354-9062,-74,-67,0.924,0.076
417-2054,-80,-65,0.926,0.074
353-1941,-81,-77,0.927,0.073
328-1522,-96,-88,0.946,0.054
408-4529,-103,-87,0.867,0.133
417-5320,-89,-74,0.996,0.004
370-9755,-100,-89,0.951,0.049
372-4835,-81,-71,0.972,0.028
334-6605,-93,-81,0.922,0.078
399-5564,-89,-77,0.934,0.066
392-2887,-85,-73,0.993,0.007
328-2110,-81,-68,0.993,0.007
383-5976,-70,-79,0.981,0.019
332-6181,-106,-94,0.923,0.077
330-5255,-94,-84,0.942,0.058
413-5190,-107,-94,0.865,0.135
394-7447,-107,-94,0.851,0.149
353-7096,-85,-72,0.966,0.034
395-6002,-78,-65,0.944,0.056
372-9816,-87,-72,0.969,0.031
400-7253,-92,-79,0.954,0.046
344-7470,-84,-69,0.958,0.042
378-8572,-92,-81,0.982,0.018
345-9140,-107,-93,0.852,0.148
340-5460,-83,-72,0.996,0.004
369-8024,-106,-89,0.914,0.086
395-8595,-87,-74,0.952,0.048
359-4587,-90,-65,0.927,0.073
375-5439,-99,-85,0.993,0.007
361-3779,-99,-85,0.946,0.054
375-8934,-84,-71,0.982,0.018
395-4757,-94,-83,0.94,0.06
421-7205,-78,-65,0.964,0.036
379-8805,-74,-66,0.931,0.069
348-2150,-92,-85,0.985,0.015
417-9128,-75,-62,0.985,0.015
351-4226,-79,-67,0.988,0.012
330-6630,-79,-67,0.972,0.028
387-9137,-102,-91,0.853,0.147
372-3987,-90,-76,0.985,0.015
408-5183,-80,-57,0.972,0.028
412-9357,-66,-55,0.99,0.01
402-3599,-93,-85,0.968,0.032
379-5211,-80,-72,0.948,0.052
405-9217,-80,-72,0.968,0.032
340-9200,-98,-84,0.971,0.029
339-9026,-91,-79,0.945,0.055
343-4772,-95,-88,0.956,0.044
345-2108,-89,-76,0.964,0.036
401-4650,-78,-66,0.959,0.041
400-3945,-77,-58,0.954,0.046
338-3781,-85,-70,0.963,0.037
342-6316,-71,-54,0.961,0.039
336-5920,-89,-76,0.955,0.045
332-1060,-85,-72,0.932,0.068
418-3426,-84,-71,0.999,0.001
408-6326,-104,-90,0.894,0.106
334-6142,-81,-65,0.98,0.02
336-6128,-73,-59,0.975,0.025
406-6708,-95,-79,0.926,0.074
388-8670,-89,-65,0.982,0.018
363-5853,-96,-82,0.973,0.027
383-6544,-89,-65,0.928,0.072
378-2940,-89,-65,0.988,0.012
338-7683,-82,-68,0.972,0.028
329-2786,-103,-90,0.917,0.083
369-9465,-76,-61,0.989,0.011
337-3769,-85,-66,0.966,0.034
400-6257,-104,-95,0.827,0.173
411-6663,-62,-57,0.96,0.04
384-3101,-67,-61,0.997,0.003
339-5329,-96,-84,0.965,0.035
388-9944,-96,-80,0.929,0.071
403-1769,-74,-61,0.951,0.049
390-1612,-82,-67,0.922,0.078
421-7214,-71,-61,0.987,0.013
338-6962,-107,-87,0.785,0.215
333-9826,-71,-61,0.937,0.063
411-8549,-71,-64,0.933,0.067
381-9234,-80,-66,0.948,0.052
387-9855,-79,-72,0.922,0.078
371-6990,-79,-59,0.948,0.052
417-3046,-80,-66,0.946,0.054
385-7082,-80,-66,0.952,0.048
365-5886,-74,-60,0.94,0.06
373-5196,-73,-56,0.998,0.002
327-6194,-97,-88,0.947,0.053
381-4565,-70,-57,0.95,0.05
357-9832,-90,-76,0.977,0.023
396-4845,-84,-71,0.932,0.068
378-6772,-96,-85,0.96,0.04
353-4296,-95,-82,0.957,0.043
362-8331,-87,-85,0.929,0.071
362-4685,-71,-64,0.989,0.011
383-1431,-66,-52,0.963,0.037
332-2258,-67,-52,0.96,0.04
375-8304,-99,-84,0.961,0.039
340-5580,-87,-77,0.95,0.05
362-1490,-107,-81,0.949,0.051
336-4281,-65,-57,0.947,0.053
361-1315,-74,-67,0.966,0.034
342-5906,-100,-85,0.986,0.014
405-7904,-95,-86,0.969,0.031
349-4762,-95,-83,0.986,0.014
385-3263,-92,-79,0.979,0.021
405-9496,-84,-70,0.933,0.067
396-6775,-91,-79,0.935,0.065
393-6475,-71,-55,0.928,0.072
379-7779,-78,-69,0.995,0.005
408-8650,-90,-74,0.963,0.037
400-3497,-88,-80,0.991,0.009
407-9244,-86,-80,0.935,0.065
406-8809,-85,-78,0.938,0.062
358-1778,-85,-78,0.981,0.019
337-4339,-85,-78,0.968,0.032
344-7197,-101,-86,0.885,0.115
333-7631,-99,-94,0.839,0.161
372-6623,-94,-82,0.988,0.012
363-2602,-89,-75,0.932,0.068
387-7757,-92,-82,0.977,0.023
397-5381,-89,-77,0.942,0.058
406-4604,-82,-69,0.963,0.037
376-9513,-79,-64,0.928,0.072
360-1852,-97,-83,0.994,0.006
421-7270,-89,-73,0.954,0.046
371-9482,-74,-57,0.992,0.008
337-4101,-95,-82,0.99,0.01
420-2796,-82,-87,0.996,0.004
366-4225,-85,-86,0.947,0.053
398-4567,-86,-72,0.934,0.066
388-4571,-86,-78,0.968,0.032
360-8666,-74,-61,0.927,0.073
333-3704,-78,-70,0.927,0.073
383-2566,-71,-64,1,0
406-5584,-71,-64,0.96,0.04
344-4691,-71,-64,0.986,0.014
347-9737,-71,-64,0.991,0.009
333-7961,-79,-59,0.981,0.019
364-2439,-79,-59,0.936,0.064
411-8043,-79,-59,0.974,0.026
332-5084,-106,-94,0.795,0.205
413-4831,-79,-59,0.97,0.03
343-4806,-79,-59,0.969,0.031
401-8735,-101,-90,0.798,0.202
391-8626,-79,-59,0.926,0.074
327-5817,-79,-59,0.976,0.024
381-4712,-79,-59,0.932,0.068
335-3320,-79,-69,0.957,0.043
415-8780,-79,-70,0.96,0.04
362-1146,-79,-70,0.988,0.012
352-7413,-86,-84,0.945,0.055
387-6716,-92,-78,0.945,0.055
352-1127,-90,-81,0.941,0.059
368-1288,-105,-92,0.861,0.139
403-5279,-84,-74,0.997,0.003
397-9333,-76,-70,0.963,0.037
411-7353,-82,-68,0.989,0.011
383-2537,-82,-68,0.981,0.019
330-4419,-86,-72,0.926,0.074
390-7930,-105,-87,0.928,0.072
362-5111,-100,-95,0.956,0.044
358-6796,-78,-65,0.943,0.057
409-7494,-78,-65,0.939,0.061
400-1636,-87,-74,0.932,0.068
389-2747,-85,-72,0.965,0.035
415-2176,-85,-78,0.999,0.001
377-8067,-85,-71,0.937,0.063
362-7835,-79,-66,0.979,0.021
361-5225,-90,-77,0.98,0.02
333-3447,-94,-79,0.94,0.06
341-3044,-96,-71,0.969,0.031
350-7306,-108,-99,0.838,0.162
353-8849,-89,-71,0.971,0.029
402-3476,-76,-63,0.997,0.003
338-6018,-113,-90,0.931,0.069
409-3520,-78,-68,0.935,0.065
357-1085,-79,-69,0.928,0.072
353-3285,-79,-66,0.94,0.06
409-9885,-97,-86,0.933,0.067
388-7701,-98,-86,0.972,0.028
385-8184,-105,-106,0.92,0.08
345-2863,-97,-85,0.971,0.029
353-6300,-97,-86,0.983,0.017
389-5649,-97,-85,0.934,0.066
378-8137,-90,-78,0.951,0.049
340-4627,-90,-78,0.974,0.026
352-6833,-96,-86,0.922,0.078
420-2000,-89,-82,0.927,0.073
368-5437,-117,-89,0.85,0.15
418-8170,-89,-74,0.971,0.029
403-9417,-87,-64,0.957,0.043
330-6165,-90,-79,0.989,0.011
412-4185,-89,-73,0.967,0.033
409-4734,-103,-88,0.973,0.027
348-9828,-85,-70,0.955,0.045
418-8850,-65,-54,0.939,0.061
330-8351,-74,-62,0.967,0.033
347-7773,-98,-83,0.953,0.047
392-6841,-108,-79,0.949,0.051
354-2189,-89,-64,0.974,0.026
349-9060,-83,-70,0.944,0.056
334-1311,-100,-84,0.963,0.037
415-3120,-97,-76,0.988,0.012
387-5891,-92,-80,0.986,0.014
368-8026,-95,-80,0.984,0.016
332-9446,-70,-57,0.971,0.029
393-5284,-77,-65,0.986,0.014
376-1677,-89,-76,0.956,0.044
392-2268,-84,-73,0.946,0.054
396-4311,-93,-79,0.99,0.01
363-4005,-93,-80,0.996,0.004
344-9966,-97,-81,0.924,0.076
337-7377,-97,-81,0.981,0.019
373-7037,-71,-56,0.97,0.03
356-7580,-82,-66,0.98,0.02
390-3401,-79,-67,0.945,0.055
350-9313,-85,-70,0.988,0.012
420-9009,-81,-66,0.93,0.07
415-2641,-88,-78,0.928,0.072
392-4929,-97,-84,0.932,0.068
346-5068,-100,-89,0.913,0.087
389-2631,-89,-77,0.995,0.005
368-3808,-89,-77,0.955,0.045
406-8599,-89,-77,0.937,0.063
386-7456,-81,-67,0.929,0.071
357-4936,-83,-71,0.972,0.028
397-7411,-63,-52,0.952,0.048
353-6218,-90,-74,0.987,0.013
369-5942,-82,-66,0.929,0.071
416-8543,-72,-60,0.991,0.009
358-4576,-103,-93,0.8,0.2
352-5118,-107,-100,0.825,0.175
408-2621,-72,-54,0.932,0.068
353-3994,-84,-71,0.926,0.074
367-4277,-69,-56,0.94,0.06
354-3237,-72,-58,0.96,0.04
394-8504,-61,-59,0.962,0.038
370-4139,-61,-59,0.96,0.04
382-6135,-99,-75,0.994,0.006
359-5718,-78,-66,0.977,0.023
385-3111,-72,-55,0.933,0.067
353-4880,-88,-62,0.984,0.016
343-7019,-113,-93,0.948,0.052
419-6133,-88,-62,0.944,0.056
350-7344,-78,-66,0.963,0.037
397-6064,-73,-56,0.993,0.007
363-6896,-86,-69,0.992,0.008
416-9021,-97,-83,0.978,0.022
408-3269,-83,-74,0.995,0.005
408-9463,-84,-75,0.98,0.02
340-7062,-89,-74,0.944,0.056
417-4309,-93,-81,0.929,0.071
421-2659,-95,-76,0.924,0.076
383-2017,-68,-54,0.938,0.062
411-6294,-89,-85,0.932,0.068
332-9525,-89,-76,0.97,0.03
401-5012,-80,-70,0.99,0.01
368-8835,-78,-66,0.973,0.027
351-1382,-97,-86,0.956,0.044
359-7694,-85,-72,0.967,0.033
419-5505,-89,-78,0.99,0.01
341-4570,-83,-71,0.971,0.029
366-6991,-84,-74,0.992,0.008
377-7399,-77,-65,0.936,0.064
377-9092,-84,-74,0.997,0.003
373-6681,-84,-75,0.948,0.052
417-7736,-84,-75,0.932,0.068
393-2812,-84,-75,0.976,0.024
398-3176,-77,-59,0.996,0.004
334-8694,-106,-92,0.85,0.15
369-5449,-106,-90,0.925,0.075
380-5246,-81,-82,0.976,0.024
390-3873,-74,-65,0.984,0.016
354-4568,-91,-74,0.941,0.059
339-6968,-95,-82,0.983,0.017
379-5933,-90,-79,0.953,0.047
365-5682,-89,-80,0.93,0.07
382-8518,-79,-56,0.995,0.005
356-8449,-106,-96,0.777,0.223
333-3460,-77,-62,0.987,0.013
375-8596,-94,-78,0.987,0.013
384-5907,-80,-65,0.928,0.072
373-2903,-80,-65,0.936,0.064
361-7702,-73,-61,0.988,0.012
388-5850,-97,-85,0.969,0.031
405-6298,-84,-70,0.989,0.011
368-2074,-89,-76,0.99,0.01
328-5050,-76,-68,0.936,0.064
395-5783,-76,-68,0.958,0.042
420-7301,-76,-68,0.935,0.065
328-2478,-69,-70,0.964,0.036
381-2460,-69,-70,0.976,0.024
390-9811,-109,-108,0.992,0.008
373-5670,-81,-71,0.973,0.027
351-7016,-65,-74,0.967,0.033
394-9934,-65,-74,0.995,0.005
422-8268,-81,-75,0.993,0.007
373-7690,-63,-51,0.992,0.008
366-9781,-63,-51,0.967,0.033
404-5427,-94,-81,0.923,0.077
389-9783,-97,-84,0.929,0.071
351-7005,-121,-94,0.907,0.093
348-2009,-83,-70,0.957,0.043
340-4236,-103,-84,0.99,0.01
348-1528,-71,-54,0.93,0.07
365-5039,-86,-73,0.957,0.043
411-1810,-75,-74,0.977,0.023
364-7644,-107,-87,0.964,0.036
335-9066,-94,-83,0.979,0.021
362-7581,-80,-61,0.979,0.021
346-1095,-86,-72,0.924,0.076
357-9136,-100,-88,0.987,0.013
390-7863,-92,-78,0.98,0.02
344-2416,-92,-78,0.974,0.026
373-1448,-103,-88,0.915,0.085
360-7076,-92,-80,0.926,0.074
413-2241,-103,-87,0.973,0.027
343-3961,-92,-80,0.934,0.066
375-4107,-100,-94,0.978,0.022
414-7410,-92,-79,0.97,0.03
351-2535,-90,-76,0.927,0.073
416-9615,-74,-63,0.958,0.042
377-1293,-107,-91,0.934,0.066
388-6479,-98,-86,0.948,0.052
390-2755,-98,-85,0.996,0.004
340-5930,-79,-65,1,0
401-3622,-86,-80,0.994,0.006
382-1104,-85,-74,0.928,0.072
355-9324,-91,-75,0.973,0.027
393-4843,-87,-69,0.943,0.057
401-4052,-84,-73,0.968,0.032
385-1830,-85,-73,0.96,0.04
348-7409,-73,-62,0.943,0.057
361-4910,-84,-73,0.99,0.01
415-6578,-74,-60,0.947,0.053
395-5015,-78,-65,0.99,0.01
369-6012,-72,-66,0.944,0.056
394-4520,-103,-91,0.937,0.063
380-5873,-97,-85,0.983,0.017
372-5384,-98,-79,0.943,0.057
419-1863,-103,-86,0.831,0.169
352-5697,-66,-53,0.949,0.051
373-4274,-90,-76,0.998,0.002
382-4024,-87,-73,0.923,0.077
395-9215,-100,-94,0.786,0.214
331-9149,-82,-69,0.942,0.058
347-3958,-88,-76,0.984,0.016
389-2540,-91,-83,0.95,0.05
399-3083,-109,-93,0.956,0.044
420-8308,-88,-74,0.962,0.038
384-7724,-93,-79,0.925,0.075
389-2114,-86,-80,0.925,0.075
335-4414,-69,-57,0.937,0.063
370-5361,-99,-85,0.976,0.024
374-5965,-79,-65,0.936,0.064
420-6414,-83,-71,0.99,0.01
392-2708,-78,-65,0.934,0.066
352-7234,-96,-83,0.966,0.034
337-9878,-96,-82,0.963,0.037
350-7288,-72,-59,0.965,0.035
415-8448,-102,-88,0.931,0.069
392-6331,-79,-60,0.923,0.077
392-3315,-79,-60,0.994,0.006
382-5401,-101,-88,0.789,0.211
389-7012,-87,-73,0.986,0.014
411-4714,-101,-97,0.899,0.101
343-3846,-76,-66,0.967,0.033
370-4395,-65,-38,0.952,0.048
422-4394,-91,-85,0.956,0.044
405-1780,-95,-79,0.939,0.061
393-2220,-84,-74,0.991,0.009
355-8299,-98,-84,0.973,0.027
379-8681,-110,-88,0.887,0.113
409-7034,-82,-72,0.989,0.011
358-1922,-96,-84,0.99,0.01
346-1629,-103,-87,0.927,0.073
347-1870,-74,-57,0.926,0.074
374-9576,-104,-90,0.976,0.024
380-1096,-81,-64,0.956,0.044
396-5790,-97,-83,0.943,0.057
356-5244,-98,-86,0.944,0.056
341-1412,-89,-75,0.979,0.021
387-7371,-104,-93,0.865,0.135
392-2555,-106,-97,0.777,0.223
403-9167,-110,-96,0.828,0.172
338-6550,-98,-84,0.956,0.044
357-5801,-93,-81,0.954,0.046
403-1953,-88,-75,0.93,0.07
357-6039,-110,-94,0.982,0.018
388-9653,-83,-71,0.936,0.064
359-2915,-81,-65,1,0
381-4562,-97,-86,0.923,0.077
406-2213,-87,-75,0.961,0.039
330-6436,-74,-61,0.973,0.027
332-4289,-74,-61,0.963,0.037
386-3596,-74,-61,0.944,0.056
337-3740,-74,-61,0.984,0.016
414-1496,-105,-89,0.919,0.081
349-7291,-74,-61,0.958,0.042
385-1985,-69,-55,0.988,0.012
329-7102,-86,-73,0.949,0.051
394-2553,-80,-68,0.943,0.057
339-1330,-101,-88,0.935,0.065
398-1959,-87,-73,0.96,0.04
408-7015,-99,-87,0.998,0.002
384-9254,-99,-87,0.951,0.049
355-9475,-79,-68,0.981,0.019
334-1337,-81,-69,0.952,0.048
359-1441,-84,-70,0.967,0.033
391-5442,-95,-81,0.931,0.069
374-1551,-80,-69,1,0
399-6233,-110,-86,0.798,0.202
337-4749,-83,-68,0.961,0.039
403-5552,-97,-82,0.979,0.021
405-3097,-107,-86,0.916,0.084
364-9240,-85,-72,0.94,0.06
404-9348,-95,-82,0.969,0.031
336-1462,-95,-80,0.982,0.018
364-8981,-94,-85,0.989,0.011
412-7606,-94,-85,0.966,0.034
380-6342,-94,-85,0.945,0.055
418-3017,-94,-85,0.925,0.075
367-3648,-75,-62,0.975,0.025
341-5892,-80,-65,0.938,0.062
334-4678,-91,-72,0.977,0.023
366-6751,-96,-86,0.952,0.048
397-8512,-88,-75,0.988,0.012
367-9495,-79,-65,0.993,0.007
379-2991,-86,-72,0.923,0.077
356-4832,-86,-71,0.931,0.069
413-4040,-118,-94,0.792,0.208
366-4444,-87,-81,0.984,0.016
394-3806,-84,-71,0.958,0.042
368-5647,-77,-64,0.938,0.062
412-1076,-84,-66,0.989,0.011
413-7655,-89,-75,0.984,0.016
371-2316,-83,-73,0.945,0.055
420-3346,-68,-47,0.941,0.059
367-3971,-65,-51,0.996,0.004
417-5813,-93,-80,0.999,0.001
421-8535,-85,-73,0.922,0.078
375-1721,-91,-76,0.991,0.009
331-8484,-83,-68,0.994,0.006
366-5829,-108,-86,0.87,0.13
367-7906,-83,-68,0.973,0.027
412-2520,-100,-86,0.813,0.187
386-9177,-75,-61,0.96,0.04
420-6780,-68,-53,0.963,0.037
401-1454,-68,-53,0.963,0.037
379-2508,-75,-61,0.923,0.077
353-3492,-68,-53,0.944,0.056
406-4840,-68,-53,0.977,0.023
391-7982,-82,-69,0.97,0.03
379-9821,-82,-69,0.923,0.077
398-7414,-82,-69,0.949,0.051
338-8566,-82,-69,0.988,0.012
397-3058,-97,-83,0.982,0.018
389-8096,-79,-65,0.975,0.025
393-6840,-100,-93,0.919,0.081
360-7404,-99,-88,0.989,0.011
411-5740,-98,-87,0.966,0.034
412-3726,-98,-89,0.928,0.072
372-7326,-72,-58,0.943,0.057
338-9873,-97,-84,0.946,0.054
383-4322,-78,-63,0.999,0.001
401-7654,-87,-73,0.964,0.036
410-5455,-97,-84,0.949,0.051
419-4310,-83,-61,0.972,0.028
367-2056,-78,-64,0.944,0.056
363-6695,-89,-77,0.993,0.007
374-6217,-94,-80,0.959,0.041
337-9569,-88,-75,0.955,0.045
350-9720,-62,-48,0.985,0.015
380-4080,-105,-88,0.926,0.074
333-7460,-74,-66,0.94,0.06
378-3722,-75,-60,0.994,0.006
353-9339,-86,-78,0.964,0.036
386-6535,-99,-83,0.962,0.038
403-5575,-92,-81,0.984,0.016
331-5962,-104,-73,0.966,0.034
390-9627,-100,-97,0.837,0.163
406-4560,-76,-77,0.982,0.018
359-6931,-79,-69,0.969,0.031
331-7342,-66,-56,0.986,0.014
367-2227,-66,-56,0.928,0.072
335-8836,-66,-56,0.969,0.031
398-6703,-71,-59,0.97,0.03
370-8379,-81,-62,0.991,0.009
335-3880,-85,-80,0.98,0.02
375-8761,-78,-72,0.978,0.022
367-1398,-94,-81,0.968,0.032
395-7857,-88,-74,0.962,0.038
398-8745,-115,-97,0.969,0.031
386-3717,-92,-78,0.991,0.009
330-1175,-98,-86,0.965,0.035
418-6752,-76,-69,0.985,0.015
349-6464,-98,-87,0.952,0.048
366-7331,-88,-84,0.95,0.05
361-8288,-76,-64,0.968,0.032
377-6635,-94,-81,0.989,0.011
408-1513,-97,-82,0.938,0.062
370-7546,-88,-74,0.964,0.036
389-4278,-89,-75,0.982,0.018
379-3012,-82,-75,0.957,0.043
355-3620,-90,-77,0.992,0.008
413-7743,-115,-94,0.894,0.106
372-2296,-100,-86,0.936,0.064
333-9728,-87,-77,0.98,0.02
415-6110,-89,-75,0.934,0.066
340-9803,-85,-72,0.936,0.064
400-7002,-100,-86,0.822,0.178
395-7435,-86,-74,0.982,0.018
336-7143,-95,-83,0.963,0.037
352-2175,-83,-72,0.958,0.042
346-6352,-77,-63,0.939,0.061
405-7467,-98,-86,0.977,0.023
379-8526,-69,-55,0.96,0.04
410-5713,-80,-67,0.927,0.073
408-5916,-78,-63,0.987,0.013
370-5626,-95,-83,0.992,0.008
408-1331,-92,-76,0.935,0.065
419-9688,-82,-70,0.998,0.002
343-5219,-100,-86,0.822,0.178
401-5586,-77,-69,0.931,0.069
377-9178,-95,-83,0.933,0.067
345-5639,-92,-71,0.93,0.07
336-3488,-82,-68,0.923,0.077
414-6426,-82,-68,0.959,0.041
335-5591,-82,-68,0.948,0.052
421-9144,-91,-80,0.972,0.028
422-7728,-84,-71,0.97,0.03
344-3466,-100,-87,0.838,0.162
398-7978,-86,-73,0.96,0.04
346-8368,-91,-80,0.963,0.037
392-2722,-91,-80,0.981,0.019
393-3274,-94,-84,0.946,0.054
339-4636,-90,-77,0.923,0.077
349-7138,-94,-79,0.933,0.067
363-3295,-86,-70,0.971,0.029
407-9830,-88,-78,0.952,0.048
333-8822,-85,-73,0.962,0.038
419-6418,-87,-76,0.977,0.023
351-8955,-104,-79,0.941,0.059
338-1840,-82,-67,0.956,0.044
336-6997,-98,-88,0.963,0.037
408-6266,-75,-65,0.963,0.037
332-4291,-71,-56,0.941,0.059
355-7895,-100,-84,0.974,0.026
348-2916,-85,-73,0.938,0.062
339-8132,-93,-80,0.954,0.046
374-1684,-81,-65,0.968,0.032
362-7604,-95,-84,0.993,0.007
389-3206,-95,-84,0.963,0.037
336-2829,-88,-78,0.981,0.019
403-8916,-101,-86,0.783,0.217
384-1135,-82,-73,0.99,0.01
390-2320,-82,-73,0.924,0.076
398-8578,-82,-73,0.959,0.041
393-9424,-76,-61,0.999,0.001
417-6330,-82,-73,0.982,0.018
340-6339,-69,-49,0.939,0.061
380-6571,-69,-49,0.935,0.065
368-6488,-88,-69,0.977,0.023
363-2193,-85,-65,0.972,0.028
328-1206,-87,-79,0.999,0.001
385-3540,-99,-89,0.967,0.033
337-7167,-97,-90,0.849,0.151
372-8405,-66,-47,0.94,0.06
377-1273,-102,-91,0.891,0.109
380-7816,-103,-87,0.83,0.17
402-6744,-101,-86,0.813,0.187
400-2181,-102,-85,0.859,0.141
366-1613,-104,-91,0.806,0.194
347-8205,-94,-73,0.959,0.041
328-2982,-90,-80,0.987,0.013
384-8723,-104,-93,0.851,0.149
341-7686,-106,-91,0.931,0.069
353-6038,-92,-81,0.967,0.033
416-8827,-91,-78,0.953,0.047
418-8450,-59,-44,0.999,0.001
385-7861,-83,-76,0.945,0.055
393-3507,-94,-85,0.948,0.052
372-5262,-96,-89,0.954,0.046
411-3095,-97,-84,0.972,0.028
331-5919,-83,-72,0.963,0.037
402-1556,-55,-48,0.986,0.014
349-7362,-90,-77,0.952,0.048
339-2734,-83,-65,0.943,0.057
330-4914,-83,-69,0.933,0.067
371-2500,-103,-91,0.847,0.153
335-3681,-81,-70,0.925,0.075
405-1132,-82,-68,0.926,0.074
399-9239,-83,-88,0.981,0.019
350-7227,-87,-83,0.951,0.049
384-6654,-82,-73,0.941,0.059
376-4271,-83,-71,0.947,0.053
391-8124,-88,-78,0.929,0.071
393-2524,-98,-89,0.974,0.026
384-4385,-88,-76,0.954,0.046
377-8266,-86,-72,0.926,0.074
345-1243,-79,-65,0.947,0.053
394-8086,-93,-79,0.935,0.065
348-9145,-92,-80,0.924,0.076
376-5201,-77,-69,0.992,0.008
356-2093,-81,-66,0.93,0.07
353-2080,-87,-73,0.955,0.045
397-7500,-88,-73,0.979,0.021
414-5786,-85,-67,0.955,0.045
388-4282,-99,-85,0.974,0.026
415-5132,-91,-81,0.981,0.019
352-4541,-82,-69,0.988,0.012
373-5928,-85,-72,0.983,0.017
406-7737,-83,-69,0.984,0.016
332-7607,-85,-72,0.994,0.006
359-7788,-87,-74,0.949,0.051
384-1549,-94,-78,0.995,0.005
352-8508,-94,-78,1,0
404-1002,-90,-75,0.953,0.047
414-2905,-77,-61,0.997,0.003
380-9849,-75,-60,0.943,0.057
387-6498,-97,-80,0.959,0.041
360-6024,-94,-82,0.977,0.023
352-5815,-81,-66,0.992,0.008
366-2273,-103,-95,0.851,0.149
414-9119,-83,-72,0.98,0.02
409-8796,-99,-87,0.994,0.006
337-2442,-94,-79,0.962,0.038
404-1931,-95,-82,0.952,0.048
367-9765,-92,-80,0.924,0.076
378-7299,-85,-72,0.947,0.053
410-5192,-88,-68,0.947,0.053
405-1108,-108,-100,0.938,0.062
392-1734,-78,-65,0.972,0.028
395-6030,-93,-81,0.933,0.067
330-5168,-82,-75,0.924,0.076
334-3142,-97,-77,0.971,0.029
362-9983,-67,-52,0.956,0.044
414-2606,-73,-56,0.946,0.054
402-4501,-93,-84,0.967,0.033
387-2604,-114,-86,0.93,0.07
400-3343,-87,-78,0.931,0.069
353-2450,-91,-80,0.977,0.023
406-2032,-94,-81,0.923,0.077
409-4462,-88,-76,0.964,0.036
392-5941,-76,-63,0.936,0.064
334-9182,-99,-86,0.941,0.059
346-3445,-84,-71,0.937,0.063
368-9507,-73,-57,0.981,0.019
382-3966,-92,-81,0.972,0.028
334-5844,-61,-41,0.943,0.057
362-9411,-94,-84,0.994,0.006
390-3565,-86,-75,0.961,0.039
417-4810,-100,-89,0.978,0.022
384-3389,-77,-66,0.98,0.02
414-9717,-72,-62,0.971,0.029
357-1700,-72,-62,0.943,0.057
376-7207,-73,-65,0.998,0.002
368-7706,-103,-89,0.935,0.065
346-4216,-72,-62,0.98,0.02
370-9533,-72,-62,0.967,0.033
372-1493,-72,-62,1,0
387-6031,-72,-62,0.968,0.032
366-6248,-72,-53,0.949,0.051
369-3756,-71,-64,0.958,0.042
363-1719,-83,-78,0.99,0.01
402-6666,-90,-78,0.984,0.016
408-9779,-97,-86,0.964,0.036
407-2441,-82,-68,0.943,0.057
384-5027,-82,-68,1,0
380-3161,-87,-73,0.96,0.04
360-8135,-73,-58,0.936,0.064
399-5426,-84,-70,0.992,0.008
385-2564,-76,-61,0.928,0.072
337-8618,-100,-88,0.797,0.203
354-8491,-97,-84,0.959,0.041
394-6278,-99,-86,0.981,0.019
405-2276,-100,-87,0.825,0.175
376-1000,-77,-64,0.949,0.051
397-1659,-85,-70,0.923,0.077
379-3953,-90,-81,0.96,0.04
418-6512,-93,-78,0.961,0.039
392-5296,-87,-75,0.977,0.023
355-3814,-91,-78,0.971,0.029
375-2098,-86,-73,0.958,0.042
372-7990,-101,-96,0.849,0.151
356-4558,-86,-73,0.948,0.052
398-5788,-87,-75,0.992,0.008
390-4003,-91,-78,0.955,0.045
332-8103,-87,-75,0.953,0.047
406-9926,-111,-94,0.906,0.094
418-2402,-86,-73,0.979,0.021
384-3299,-102,-91,0.91,0.09
378-9090,-91,-78,0.979,0.021
350-6473,-77,-60,0.968,0.032
379-4583,-77,-60,0.934,0.066
411-5078,-75,-63,0.98,0.02
347-4982,-91,-78,0.924,0.076
341-9274,-72,-57,0.99,0.01
353-7461,-91,-78,0.967,0.033
371-7366,-69,-55,0.987,0.013
395-7923,-101,-87,0.921,0.079
351-8398,-79,-63,0.948,0.052
329-2204,-94,-73,0.976,0.024
407-7507,-98,-86,0.961,0.039
405-8075,-90,-77,0.932,0.068
390-9698,-79,-67,0.999,0.001
403-4917,-93,-81,0.952,0.048
391-6709,-93,-81,0.954,0.046
389-5988,-94,-81,0.988,0.012
372-1534,-94,-81,0.949,0.051
395-6369,-94,-81,0.975,0.025
400-3197,-92,-79,0.944,0.056
377-4169,-102,-90,0.917,0.083
384-5343,-98,-83,0.928,0.072
338-4472,-74,-62,0.928,0.072
332-2126,-74,-68,0.975,0.025
349-2157,-99,-84,0.955,0.045
393-4823,-103,-87,0.78,0.22
385-2683,-80,-67,0.996,0.004
345-8350,-80,-67,0.966,0.034
334-4506,-80,-67,0.923,0.077
332-3544,-97,-83,0.977,0.023
380-5102,-71,-58,0.946,0.054
395-6149,-87,-74,0.958,0.042
398-8122,-85,-76,0.975,0.025
334-4438,-99,-89,0.968,0.032
384-7459,-78,-65,0.937,0.063
368-3931,-80,-66,0.969,0.031
353-1352,-93,-61,0.987,0.013
348-5725,-101,-90,0.908,0.092
365-2008,-99,-86,0.843,0.157
393-3635,-81,-64,0.96,0.04
380-8727,-100,-91,0.837,0.163
381-2376,-86,-71,0.982,0.018
365-8114,-78,-71,0.983,0.017
415-5008,-85,-72,0.971,0.029
392-8318,-93,-67,1,0
401-4007,-74,-56,0.965,0.035
338-7709,-74,-56,0.929,0.071
374-1981,-104,-97,0.824,0.176
333-5101,-109,-86,0.94,0.06
345-3734,-95,-65,0.992,0.008
384-5004,-102,-89,0.778,0.222
341-9396,-95,-65,0.976,0.024
408-6302,-82,-86,0.995,0.005
348-7193,-103,-99,0.865,0.135
417-4063,-103,-80,0.986,0.014
375-6911,-98,-86,0.954,0.046
358-3604,-89,-76,0.933,0.067
339-7485,-94,-81,0.992,0.008
368-3078,-84,-75,0.926,0.074
418-7055,-116,-85,0.99,0.01
386-9981,-88,-75,0.948,0.052
366-2541,-98,-87,0.923,0.077
335-3110,-78,-71,0.923,0.077
400-7809,-78,-71,0.962,0.038
404-3106,-100,-89,0.93,0.07
333-2337,-92,-79,0.984,0.016
353-6482,-92,-81,0.998,0.002
397-8162,-66,-45,0.98,0.02
380-6722,-99,-88,0.959,0.041
329-2918,-94,-81,0.949,0.051
348-8022,-86,-74,0.94,0.06
388-4459,-77,-61,0.996,0.004
358-3114,-92,-77,0.966,0.034
343-9654,-92,-69,0.992,0.008
401-9909,-83,-69,0.926,0.074
404-9978,-80,-79,0.976,0.024
397-8011,-96,-82,0.963,0.037
341-8719,-102,-90,0.948,0.052
408-1242,-91,-78,1,0
406-7726,-92,-79,0.992,0.008
351-2773,-70,-57,0.977,0.023
368-6174,-94,-80,0.958,0.042
334-5029,-104,-93,0.887,0.113
413-1789,-93,-83,0.954,0.046
414-1246,-77,-63,0.956,0.044
330-4978,-103,-85,0.837,0.163
386-1631,-76,-61,0.929,0.071
363-1208,-93,-78,0.922,0.078
334-5263,-94,-82,0.926,0.074
361-4137,-91,-77,0.973,0.027
374-8187,-90,-76,0.998,0.002
370-1525,-89,-76,0.973,0.027
355-3801,-99,-91,0.993,0.007
392-5605,-92,-80,0.97,0.03
363-1366,-87,-80,0.955,0.045
358-5274,-87,-80,0.924,0.076
376-9607,-104,-88,1,0
374-1213,-93,-79,0.962,0.038
421-8537,-101,-110,0.785,0.215
351-5576,-85,-55,0.926,0.074
407-7258,-122,-86,0.84,0.16
405-4420,-88,-81,0.987,0.013
340-2855,-70,-59,0.99,0.01
342-8002,-78,-64,0.965,0.035
355-6826,-90,-77,0.993,0.007
402-3886,-95,-81,0.939,0.061
336-5900,-97,-84,0.995,0.005
339-7684,-80,-78,0.952,0.048
390-2433,-76,-77,0.989,0.011
360-7246,-92,-78,0.95,0.05
335-6508,-99,-85,0.793,0.207
348-6720,-102,-86,0.917,0.083
406-6400,-87,-75,0.928,0.072
390-7370,-97,-88,0.968,0.032
390-5055,-100,-86,0.925,0.075
405-7542,-91,-77,0.938,0.062
364-4927,-80,-66,0.981,0.019
329-3458,-89,-75,0.957,0.043
331-3842,-78,-66,0.966,0.034
343-4147,-82,-70,0.938,0.062
335-2274,-87,-73,0.949,0.051
343-3227,-94,-80,0.945,0.055
336-6907,-82,-61,0.98,0.02
331-1391,-100,-90,0.817,0.183
360-1643,-80,-65,0.963,0.037
410-2518,-87,-75,0.939,0.061
344-4970,-91,-78,0.939,0.061
408-1486,-81,-68,0.99,0.01
396-1648,-95,-84,0.968,0.032
391-2022,-93,-80,0.948,0.052
420-6465,-101,-90,0.907,0.093
398-2628,-93,-77,0.983,0.017
409-5519,-94,-84,0.98,0.02
391-8554,-94,-84,0.981,0.019
395-1693,-86,-68,0.974,0.026
393-3194,-85,-74,0.969,0.031
328-3402,-96,-76,0.998,0.002
411-4781,-96,-76,0.974,0.026
401-2581,-95,-83,0.957,0.043
385-1214,-91,-78,0.946,0.054
348-6853,-101,-91,0.903,0.097
341-8412,-93,-80,0.926,0.074
330-8142,-90,-85,0.955,0.045
361-1404,-74,-62,0.978,0.022
375-9671,-85,-74,0.959,0.041
372-1824,-82,-70,0.989,0.011
408-3606,-98,-84,0.982,0.018
333-3595,-96,-82,0.938,0.062
379-7009,-93,-82,0.964,0.036
411-4940,-98,-83,0.964,0.036
409-7523,-101,-91,0.785,0.215
408-6725,-97,-86,0.948,0.052
350-2384,-89,-74,0.958,0.042
348-1706,-82,-73,0.968,0.032
415-6145,-82,-57,0.925,0.075
373-3731,-77,-63,0.975,0.025
341-3349,-88,-74,0.946,0.054
399-8859,-90,-76,0.998,0.002
377-4518,-81,-69,0.937,0.063
341-1594,-80,-67,0.962,0.038
418-8770,-97,-84,0.935,0.065
332-9118,-98,-82,0.922,0.078
386-1418,-90,-79,0.933,0.067
393-3535,-91,-79,1,0
328-9006,-95,-86,0.944,0.056
402-2482,-80,-65,0.955,0.045
408-4865,-87,-74,0.98,0.02
396-6247,-77,-69,0.961,0.039
396-9462,-82,-69,0.988,0.012
396-9279,-84,-71,0.928,0.072
363-8715,-86,-71,0.93,0.07
356-1358,-66,-54,0.992,0.008
360-7839,-89,-83,0.97,0.03
364-8774,-80,-65,0.999,0.001
348-5038,-97,-85,0.974,0.026
365-4728,-98,-83,0.959,0.041
351-9037,-88,-77,0.932,0.068
397-9184,-93,-79,0.99,0.01
398-4538,-93,-79,0.986,0.014
382-6827,-96,-83,0.974,0.026
408-1340,-88,-77,0.998,0.002
333-9511,-90,-81,0.993,0.007
358-7379,-90,-81,0.951,0.049
397-1766,-105,-88,0.817,0.183
331-2144,-94,-85,0.925,0.075
345-7014,-94,-85,0.996,0.004
395-1898,-93,-79,0.999,0.001
373-8920,-93,-79,0.948,0.052
373-8908,-104,-89,0.911,0.089
415-1203,-93,-79,0.939,0.061
369-7017,-104,-89,0.933,0.067
420-8435,-103,-91,0.959,0.041
395-2579,-93,-79,0.923,0.077
405-7850,-94,-85,0.997,0.003
394-7710,-94,-85,0.989,0.011
342-4122,-103,-87,0.903,0.097
340-1876,-102,-91,0.864,0.136
383-6095,-102,-93,0.942,0.058
413-1061,-94,-85,0.939,0.061
343-5347,-94,-85,0.976,0.024
376-4861,-94,-85,0.949,0.051
417-2265,-90,-81,0.947,0.053
419-7415,-96,-83,0.939,0.061
407-2259,-106,-90,0.897,0.103
333-2906,-88,-77,0.944,0.056
360-7477,-96,-83,0.923,0.077
342-5243,-94,-85,0.925,0.075
417-3999,-103,-87,0.841,0.159
379-1720,-99,-91,0.87,0.13
368-3117,-90,-81,0.965,0.035
352-5000,-94,-85,0.965,0.035
405-7676,-103,-88,0.935,0.065
361-2349,-103,-92,0.947,0.053
383-2901,-94,-85,0.942,0.058
369-7049,-94,-85,0.935,0.065
387-5533,-108,-85,0.951,0.049
362-3660,-94,-85,0.987,0.013
357-3577,-95,-83,0.931,0.069
394-3312,-94,-79,0.975,0.025
395-8330,-94,-81,0.933,0.067
373-8895,-90,-76,0.937,0.063
386-4581,-88,-75,0.993,0.007
354-8191,-84,-65,0.998,0.002
359-7562,-73,-56,0.924,0.076
359-4336,-100,-87,0.994,0.006
336-9901,-73,-56,0.972,0.028
406-3069,-100,-93,0.944,0.056
334-6519,-100,-87,0.891,0.109
361-8113,-97,-84,0.993,0.007
347-9769,-97,-85,0.931,0.069
352-9130,-84,-71,0.976,0.024
378-4557,-98,-89,0.924,0.076
360-8919,-76,-72,0.922,0.078
405-4109,-104,-87,0.925,0.075
381-2498,-76,-72,0.95,0.05
357-5696,-101,-91,0.953,0.047
412-2947,-98,-85,0.999,0.001
363-3571,-92,-82,0.928,0.072
405-5403,-101,-91,0.901,0.099
330-9354,-104,-85,0.817,0.183
396-7091,-76,-63,1,0
398-3004,-78,-65,0.935,0.065
400-4020,-86,-75,0.929,0.071
356-3448,-87,-77,0.989,0.011
335-2019,-99,-87,0.962,0.038
332-6633,-98,-83,0.945,0.055
359-7648,-69,-61,0.952,0.048
412-9190,-89,-73,0.94,0.06
368-9007,-87,-72,0.948,0.052
384-5632,-100,-96,0.848,0.152
352-6068,-110,-87,0.872,0.128
343-9645,-85,-73,0.926,0.074
384-7873,-98,-84,0.947,0.053
396-2187,-94,-80,0.967,0.033
383-5109,-87,-75,0.97,0.03
377-7843,-89,-80,0.929,0.071
382-7999,-91,-79,0.988,0.012
328-1222,-94,-85,0.929,0.071
371-1727,-100,-103,0.876,0.124
369-8871,-101,-64,0.981,0.019
335-9726,-80,-73,0.989,0.011
357-3709,-88,-75,0.95,0.05
422-9964,-93,-79,0.998,0.002
366-9211,-76,-62,0.924,0.076
384-9033,-86,-73,0.922,0.078
382-4932,-116,-90,0.954,0.046
404-7518,-93,-80,0.924,0.076
353-1954,-80,-66,0.965,0.035
391-7166,-84,-63,0.942,0.058
370-9000,-93,-83,0.951,0.049
332-3642,-102,-93,0.998,0.002
412-3898,-98,-84,0.929,0.071
366-5640,-91,-78,0.942,0.058
356-2302,-79,-67,0.973,0.027
345-9018,-94,-85,0.959,0.041
365-6205,-85,-71,0.924,0.076
337-1151,-83,-64,0.978,0.022
374-4664,-81,-60,0.922,0.078
396-9656,-75,-70,0.995,0.005
377-5043,-101,-100,0.875,0.125
401-7359,-113,-90,0.795,0.205
375-2184,-101,-89,0.856,0.144
367-6005,-74,-59,0.998,0.002
364-2166,-90,-76,0.954,0.046
414-4741,-95,-81,0.992,0.008
403-9719,-102,-88,0.978,0.022
371-8452,-73,-59,0.955,0.045
392-6239,-76,-64,0.985,0.015
410-5250,-79,-68,0.931,0.069
336-1574,-89,-76,0.989,0.011
406-8324,-67,-54,0.988,0.012
411-7110,-78,-64,0.942,0.058
341-9907,-79,-67,0.963,0.037
400-8952,-83,-71,0.963,0.037
333-9266,-96,-83,0.951,0.049
419-4894,-80,-80,0.939,0.061
364-9904,-99,-90,0.779,0.221
394-3048,-97,-83,0.938,0.062
352-6265,-94,-82,0.943,0.057
357-3187,-87,-63,0.925,0.075
373-8483,-102,-92,0.937,0.063
375-9930,-82,-73,0.994,0.006
352-6282,-80,-74,0.974,0.026
396-2945,-88,-76,0.939,0.061
412-3527,-87,-76,0.962,0.038
328-4231,-100,-91,0.935,0.065
413-9055,-73,-59,0.949,0.051
363-8755,-93,-78,0.998,0.002
388-8891,-92,-79,0.948,0.052
360-1776,-95,-67,0.945,0.055
411-3578,-85,-73,0.973,0.027
399-7268,-100,-92,0.938,0.062
350-1532,-94,-81,0.987,0.013
359-2197,-71,-60,0.948,0.052
407-9290,-96,-82,0.936,0.064
358-6672,-84,-74,0.926,0.074
393-4621,-85,-72,0.99,0.01
336-7357,-89,-77,0.936,0.064
351-1466,-97,-84,0.957,0.043
394-6668,-95,-80,0.97,0.03
403-2673,-103,-90,0.957,0.043
355-1735,-76,-62,0.948,0.052
416-7679,-76,-62,0.942,0.058
340-4972,-102,-93,0.95,0.05
417-4826,-108,-89,0.998,0.002
408-6676,-82,-68,0.956,0.044
417-6683,-77,-63,0.952,0.048
331-6270,-75,-60,0.927,0.073
404-9754,-96,-53,0.958,0.042
364-9425,-92,-66,0.953,0.047
339-6477,-104,-88,0.973,0.027
362-2787,-67,-55,0.97,0.03
405-9233,-85,-75,0.947,0.053
416-1845,-96,-86,0.995,0.005
385-9657,-98,-84,1,0
420-5652,-94,-79,0.964,0.036
415-1141,-87,-72,0.931,0.069
334-5634,-77,-61,0.982,0.018
403-4200,-86,-76,0.948,0.052
357-7893,-87,-74,0.979,0.021
369-2899,-99,-84,0.956,0.044
381-1026,-87,-73,0.999,0.001
388-8722,-83,-70,0.998,0.002
418-3135,-86,-73,0.934,0.066
380-3974,-73,-57,1,0
338-7232,-85,-67,0.96,0.04
334-5223,-85,-67,0.937,0.063
340-8323,-102,-99,0.936,0.064
337-6851,-76,-62,0.952,0.048
344-5973,-93,-80,0.922,0.078
335-2261,-101,-87,0.982,0.018
343-1458,-94,-82,0.952,0.048
415-4875,-87,-79,0.934,0.066
381-2726,-96,-80,0.959,0.041
395-3852,-88,-84,0.936,0.064
358-7914,-75,-72,0.958,0.042
332-6958,-82,-70,0.993,0.007
355-1019,-73,-59,0.969,0.031
382-9447,-97,-86,0.961,0.039
386-8536,-78,-67,0.934,0.066
363-3818,-78,-67,0.962,0.038
360-6416,-77,-59,0.976,0.024
332-8764,-89,-83,0.939,0.061
398-4814,-91,-77,0.99,0.01
410-5963,-90,-75,0.969,0.031
399-6642,-74,-60,0.977,0.023
390-9986,-74,-60,0.945,0.055
391-1793,-65,-59,0.966,0.034
352-5542,-65,-60,0.97,0.03
386-8118,-65,-60,0.986,0.014
394-9825,-87,-73,0.943,0.057
382-4952,-68,-65,0.996,0.004
387-2698,-87,-83,0.941,0.059
417-1360,-87,-78,0.938,0.062
408-4836,-113,-90,0.958,0.042
374-8329,-100,-95,0.992,0.008
363-8424,-91,-76,0.948,0.052
408-8910,-87,-77,0.929,0.071
399-3840,-87,-77,0.923,0.077
367-8692,-108,-88,0.828,0.172
387-4504,-86,-73,0.961,0.039
328-2647,-97,-82,0.982,0.018
369-7903,-70,-56,0.95,0.05
399-6852,-87,-74,0.925,0.075
335-4888,-101,-87,0.877,0.123
344-2260,-97,-85,0.954,0.046
349-4070,-97,-85,0.946,0.054
394-6505,-97,-85,0.967,0.033
419-3612,-97,-85,0.929,0.071
356-1952,-97,-85,0.966,0.034
416-7866,-97,-85,0.932,0.068
398-1759,-97,-85,0.955,0.045
338-9950,-97,-85,0.946,0.054
412-7278,-97,-85,0.959,0.041
347-1263,-97,-85,0.954,0.046
386-5684,-97,-85,0.986,0.014
334-4354,-97,-85,0.928,0.072
398-5970,-97,-85,0.949,0.051
330-3429,-97,-85,0.931,0.069
418-4637,-97,-85,0.965,0.035
393-7322,-77,-62,0.927,0.073
353-5557,-93,-79,0.968,0.032
411-5334,-95,-85,0.981,0.019
398-8588,-99,-88,0.986,0.014
374-7285,-99,-89,0.963,0.037
379-7215,-102,-87,0.865,0.135
357-7875,-100,-86,0.962,0.038
393-9677,-80,-66,0.969,0.031
345-9598,-105,-79,0.977,0.023
353-3203,-82,-39,0.941,0.059
330-7486,-98,-82,0.926,0.074
397-6425,-78,-63,0.935,0.065
338-1815,-97,-86,0.949,0.051
406-5023,-94,-88,0.927,0.073
368-2458,-92,-83,0.968,0.032
400-8375,-99,-93,0.886,0.114
387-8201,-95,-85,0.999,0.001
346-4360,-95,-86,0.928,0.072
412-8811,-78,-65,0.963,0.037
413-3990,-97,-86,0.985,0.015
345-2448,-97,-86,0.94,0.06
394-4512,-98,-84,0.955,0.045
400-8538,-105,-91,0.943,0.057
412-8769,-75,-66,0.953,0.047
390-1552,-75,-66,0.934,0.066
389-2477,-85,-78,0.987,0.013
389-4695,-98,-66,0.964,0.036
406-8037,-98,-94,0.972,0.028
382-9138,-92,-75,0.941,0.059
414-7942,-75,-63,0.986,0.014
348-7071,-85,-66,0.97,0.03
404-2942,-92,-77,0.965,0.035
348-3581,-98,-86,0.944,0.056
327-6764,-76,-63,0.955,0.045
405-2831,-96,-82,0.941,0.059
416-4351,-92,-80,0.923,0.077
419-3196,-94,-81,0.935,0.065
411-6211,-81,-68,0.933,0.067
391-8369,-98,-87,0.949,0.051
416-4464,-69,-56,0.938,0.062
347-1814,-86,-77,0.932,0.068
386-7337,-85,-80,0.971,0.029
375-8505,-99,-84,0.945,0.055
407-5056,-93,-80,0.943,0.057
367-8924,-77,-64,0.947,0.053
419-5171,-105,-87,0.96,0.04
396-7687,-85,-80,0.997,0.003
394-4548,-91,-77,0.96,0.04
382-6438,-71,-57,0.957,0.043
413-2194,-101,-90,0.985,0.015
366-2622,-99,-84,0.963,0.037
416-7591,-82,-70,0.961,0.039
355-2634,-104,-90,0.975,0.025
422-5350,-104,-90,0.915,0.085
329-2388,-93,-78,0.996,0.004
381-5273,-96,-82,0.956,0.044
421-6694,-90,-77,0.934,0.066
342-1702,-94,-80,0.924,0.076
381-4029,-104,-90,0.888,0.112
335-2967,-104,-90,0.822,0.178
416-6594,-97,-78,0.931,0.069
388-6026,-104,-90,0.828,0.172
367-1024,-94,-81,0.958,0.042
386-7118,-71,-57,0.983,0.017
346-2020,-104,-90,0.95,0.05
329-9067,-104,-90,0.899,0.101
329-6144,-82,-68,0.997,0.003
332-1502,-95,-82,0.952,0.048
342-8320,-97,-85,0.944,0.056
411-5748,-78,-63,0.954,0.046
381-9367,-88,-79,0.944,0.056
400-1280,-92,-84,0.963,0.037
360-5794,-104,-83,0.922,0.078
373-3538,-79,-68,0.95,0.05
394-9942,-79,-68,0.979,0.021
380-3329,-69,-56,0.922,0.078
334-7618,-74,-60,0.979,0.021
327-9289,-82,-72,0.925,0.075
351-2589,-89,-74,0.977,0.023
368-6892,-94,-77,0.939,0.061
337-9303,-79,-68,0.93,0.07
377-5258,-73,-61,0.992,0.008
348-5767,-80,-71,0.981,0.019
373-3549,-72,-63,0.932,0.068
422-8344,-97,-84,0.992,0.008
411-2958,-104,-90,0.977,0.023
384-2908,-63,-50,0.982,0.018
347-6393,-72,-63,0.945,0.055
385-7148,-104,-89,0.947,0.053
419-2767,-80,-73,0.966,0.034
375-1746,-85,-72,0.934,0.066
362-7870,-85,-71,0.982,0.018
410-3725,-76,-63,0.992,0.008
387-1535,-102,-87,0.88,0.12
329-2045,-76,-62,0.983,0.017
341-6743,-89,-75,0.948,0.052
336-8343,-100,-88,0.938,0.062
368-5758,-90,-81,0.986,0.014
346-8362,-71,-53,0.963,0.037
345-9690,-85,-70,0.957,0.043
339-9798,-88,-76,0.952,0.048
359-5731,-104,-92,0.833,0.167
373-2091,-73,-58,0.924,0.076
367-3439,-90,-77,0.958,0.042
367-1681,-109,-87,0.861,0.139
420-9973,-90,-79,0.942,0.058
351-4025,-100,-93,0.912,0.088
393-5897,-80,-70,0.943,0.057
384-7216,-84,-79,0.956,0.044
384-4595,-91,-81,0.923,0.077
329-9667,-107,-87,0.859,0.141
347-5063,-89,-78,0.928,0.072
345-8433,-96,-81,0.986,0.014
339-7602,-72,-66,0.991,0.009
332-1109,-77,-65,0.949,0.051
343-3296,-82,-59,0.962,0.038
366-2536,-65,-53,0.993,0.007
355-2293,-85,-78,0.987,0.013
350-9318,-75,-60,0.949,0.051
418-5300,-101,-90,0.837,0.163
395-2626,-88,-74,0.955,0.045
402-7372,-75,-67,0.969,0.031
337-9710,-89,-79,0.949,0.051
363-4967,-81,-67,0.943,0.057
400-5389,-94,-79,0.988,0.012
416-9162,-96,-84,0.984,0.016
414-6541,-72,-61,0.974,0.026
392-6647,-73,-60,0.96,0.04
343-2465,-71,-55,0.955,0.045
338-9171,-95,-84,0.985,0.015
405-4606,-90,-80,0.946,0.054
386-9711,-72,-59,0.995,0.005
327-8495,-101,-93,0.786,0.214
416-5660,-107,-92,0.941,0.059
370-3032,-69,-49,0.938,0.062
331-8462,-90,-72,0.993,0.007
414-4037,-90,-72,0.985,0.015
415-2865,-88,-69,0.996,0.004
362-2353,-88,-69,0.967,0.033
329-5114,-54,-54,0.992,0.008
351-1389,-79,-57,0.933,0.067
375-3668,-83,-71,0.95,0.05
375-5414,-94,-77,0.99,0.01
360-7079,-83,-73,0.943,0.057
344-9302,-97,-85,0.993,0.007
418-1775,-72,-61,0.994,0.006
401-2468,-72,-59,0.98,0.02
346-4984,-81,-56,0.996,0.004
351-2928,-85,-70,0.965,0.035
365-7774,-105,-96,0.94,0.06
358-3691,-71,-64,0.936,0.064
364-9059,-85,-62,0.961,0.039
356-7208,-78,-64,0.956,0.044
333-5551,-67,-53,0.988,0.012
362-6528,-86,-71,0.985,0.015
394-2560,-73,-64,1,0
367-3220,-108,-96,0.838,0.162
418-5708,-87,-39,0.959,0.041
421-2245,-87,-39,0.964,0.036
406-2242,-103,-93,0.834,0.166
347-6994,-91,-81,0.93,0.07
413-7468,-108,-93,0.939,0.061
389-6082,-73,-58,0.94,0.06
415-3689,-98,-84,0.926,0.074
379-2503,-106,-93,0.953,0.047
396-1106,-87,-71,0.993,0.007
379-4372,-90,-81,0.952,0.048
336-3738,-90,-81,0.94,0.06
380-2600,-85,-80,0.988,0.012
345-4473,-90,-77,0.949,0.051
380-9990,-76,-63,0.922,0.078
411-1045,-72,-59,0.947,0.053
413-5306,-84,-76,0.949,0.051
417-6906,-83,-73,0.941,0.059
331-4807,-80,-67,0.98,0.02
376-5375,-77,-64,0.94,0.06
361-9839,-74,-60,0.933,0.067
348-8679,-54,-44,0.99,0.01
403-6565,-90,-90,0.955,0.045
346-5287,-91,-91,0.966,0.034
413-6769,-91,-90,0.99,0.01
370-5042,-88,-69,0.975,0.025
397-9486,-67,-52,0.971,0.029
364-3286,-108,-92,0.91,0.09
420-8897,-106,-92,0.892,0.108
378-9506,-85,-73,0.939,0.061
399-6259,-86,-76,0.925,0.075
335-5806,-83,-70,0.948,0.052
401-6392,-76,-65,0.99,0.01
379-9859,-68,-61,0.93,0.07
415-4051,-84,-67,0.952,0.048
368-5612,-94,-83,0.96,0.04
374-5301,-81,-75,0.984,0.016
406-5710,-68,-54,0.99,0.01
354-7077,-68,-54,0.991,0.009
343-3340,-85,-59,0.934,0.066
377-8267,-84,-69,0.931,0.069
382-2453,-90,-77,0.991,0.009
333-7449,-93,-81,0.995,0.005
366-4287,-86,-72,0.976,0.024
415-2285,-76,-63,0.969,0.031
381-1328,-88,-76,0.928,0.072
344-4022,-89,-75,0.937,0.063
415-6601,-86,-74,0.985,0.015
351-7309,-105,-88,0.795,0.205
363-7802,-96,-83,0.994,0.006
408-4870,-92,-82,1,0
378-9478,-90,-81,0.95,0.05
401-4778,-73,-62,0.996,0.004
370-9563,-95,-92,0.968,0.032
394-6382,-94,-92,0.958,0.042
333-5295,-91,-76,0.96,0.04
370-2451,-68,-59,0.959,0.041
401-6982,-101,-94,0.808,0.192
329-8115,-68,-59,0.997,0.003
340-3409,-90,-77,0.927,0.073
397-5911,-90,-75,0.969,0.031
415-6127,-85,-70,0.932,0.068
392-6073,-88,-74,0.995,0.005
419-6564,-82,-69,0.996,0.004
340-8245,-75,-62,0.974,0.026
376-4540,-75,-62,0.976,0.024
361-5936,-75,-62,0.935,0.065
421-9846,-75,-62,0.958,0.042
356-1582,-75,-62,0.99,0.01
375-4900,-75,-62,0.927,0.073
420-8953,-75,-62,0.989,0.011
376-4035,-75,-62,0.94,0.06
344-5206,-75,-62,0.975,0.025
328-7833,-111,-92,0.784,0.216
417-4266,-75,-62,0.931,0.069
351-6574,-75,-62,0.924,0.076
372-8925,-75,-62,0.984,0.016
340-5678,-75,-62,0.974,0.026
361-6814,-75,-62,0.962,0.038
336-7155,-75,-62,0.961,0.039
342-8167,-105,-92,0.903,0.097
375-9180,-75,-62,0.976,0.024
357-7064,-75,-62,0.956,0.044
347-5354,-75,-62,0.995,0.005
362-9391,-75,-62,0.99,0.01
386-8984,-75,-62,0.972,0.028
384-6372,-75,-62,0.967,0.033
358-1329,-75,-62,0.931,0.069
400-7987,-75,-62,0.95,0.05
327-8732,-75,-62,0.956,0.044
389-6955,-75,-62,0.989,0.011
396-1800,-73,-63,0.965,0.035
349-4979,-84,-72,0.972,0.028
361-5864,-91,-78,0.982,0.018
418-4658,-86,-83,0.987,0.013
330-6208,-86,-83,0.988,0.012
416-6628,-96,-85,0.986,0.014
349-5617,-92,-86,0.977,0.023
397-8051,-87,-54,0.953,0.047
413-6346,-76,-62,0.947,0.053
395-9270,-83,-68,0.943,0.057
401-7575,-84,-74,0.987,0.013
332-5964,-84,-74,0.931,0.069
348-3338,-93,-79,0.947,0.053
387-5411,-79,-63,0.949,0.051
378-7872,-76,-63,0.931,0.069
389-6037,-92,-81,0.964,0.036
349-3732,-80,-66,0.962,0.038
347-9738,-69,-51,0.925,0.075
380-6074,-75,-72,0.981,0.019
338-4307,-90,-78,0.999,0.001
339-3636,-85,-75,0.936,0.064
328-9315,-87,-72,0.942,0.058
402-3634,-92,-83,0.982,0.018
348-4316,-105,-87,0.884,0.116
375-3826,-100,-93,0.931,0.069
360-1406,-75,-66,0.933,0.067
356-5475,-108,-90,0.966,0.034
363-9969,-74,-62,0.943,0.057
350-4367,-89,-71,0.967,0.033
348-1592,-99,-79,0.93,0.07
368-9751,-98,-79,0.979,0.021
380-6413,-72,-58,0.963,0.037
367-9259,-92,-80,0.977,0.023
404-8765,-91,-60,0.954,0.046
371-6284,-103,-89,0.95,0.05
403-9468,-87,-51,0.993,0.007
335-3133,-85,-61,0.962,0.038
366-4426,-85,-61,0.998,0.002
354-4752,-85,-61,0.988,0.012
406-4768,-85,-61,0.952,0.048
367-9257,-85,-61,0.943,0.057
342-8348,-85,-61,0.983,0.017
410-7611,-102,-88,0.838,0.162
341-3270,-89,-55,0.938,0.062
416-7452,-85,-61,0.987,0.013
356-8982,-85,-61,0.967,0.033
340-6908,-101,-89,0.828,0.172
348-6659,-85,-61,0.992,0.008
345-2401,-89,-75,0.953,0.047
422-5264,-89,-77,0.953,0.047
422-1799,-84,-72,0.968,0.032
404-2877,-83,-68,0.986,0.014
417-7913,-92,-80,0.955,0.045
399-2457,-102,-85,0.857,0.143
419-3427,-79,-66,0.96,0.04
358-2490,-97,-89,0.945,0.055
349-3112,-102,-93,0.779,0.221
414-5422,-85,-75,0.965,0.035
386-3766,-86,-72,0.934,0.066
386-9724,-78,-65,0.957,0.043
416-7393,-93,-78,0.963,0.037
395-1380,-93,-79,0.998,0.002
408-4911,-89,-75,0.989,0.011
387-4064,-83,-67,0.953,0.047
380-5667,-89,-70,0.985,0.015
402-8930,-89,-69,0.944,0.056
336-6533,-91,-78,0.968,0.032
359-9992,-83,-84,0.967,0.033
391-1737,-108,-92,0.874,0.126
404-2871,-92,-82,0.946,0.054
420-6121,-72,-57,0.989,0.011
369-4012,-43,-29,0.979,0.021
357-2294,-88,-74,0.962,0.038
348-9938,-88,-74,0.961,0.039
394-3023,-93,-80,0.931,0.069
352-5466,-104,-86,0.893,0.107
364-5510,-101,-92,0.852,0.148
396-6462,-91,-82,0.976,0.024
384-5335,-77,-65,0.968,0.032
416-6886,-106,-93,0.967,0.033
357-2748,-78,-67,0.94,0.06
386-7976,-90,-73,0.976,0.024
403-9199,-80,-73,0.948,0.052
361-1900,-77,-63,0.999,0.001
405-3848,-77,-64,0.957,0.043
344-1136,-108,-98,0.81,0.19
378-6276,-107,-87,0.941,0.059
343-2592,-99,-87,0.893,0.107
396-4410,-102,-87,0.816,0.184
397-3943,-89,-80,0.934,0.066
347-3821,-87,-76,0.973,0.027
400-8069,-87,-76,0.956,0.044
346-5349,-89,-80,0.951,0.049
345-5089,-98,-84,0.958,0.042
410-4613,-82,-58,0.974,0.026
356-4706,-91,-76,0.998,0.002
347-3406,-100,-94,0.857,0.143
333-9133,-82,-70,0.965,0.035
392-2459,-89,-69,0.977,0.023
401-3685,-95,-84,0.994,0.006
352-7752,-108,-86,0.841,0.159
388-9285,-97,-86,0.909,0.091
332-5582,-88,-78,0.983,0.017
376-2550,-87,-79,0.925,0.075
333-4594,-99,-90,0.917,0.083
375-2522,-79,-66,0.98,0.02
388-2240,-103,-89,0.826,0.174
420-1782,-81,-66,0.94,0.06
384-8890,-71,-66,0.974,0.026
371-4788,-77,-57,0.972,0.028
360-5636,-77,-57,0.977,0.023
373-4264,-102,-93,0.931,0.069
352-9836,-95,-80,0.938,0.062
342-2013,-71,-61,0.985,0.015
354-5689,-104,-93,0.969,0.031
335-8427,-77,-54,0.991,0.009
409-6753,-79,-72,0.938,0.062
349-1756,-84,-73,0.928,0.072
328-8980,-105,-91,0.858,0.142
399-2151,-105,-110,0.778,0.222
379-9524,-122,-92,0.988,0.012
352-9947,-88,-75,0.938,0.062
336-1043,-85,-71,0.956,0.044
416-7013,-96,-82,0.998,0.002
345-4551,-80,-70,0.939,0.061
405-9864,-92,-78,0.927,0.073
350-4297,-88,-78,0.929,0.071
350-7114,-107,-91,0.921,0.079
400-4244,-69,-61,0.998,0.002
417-2608,-65,-55,1,0
372-2990,-65,-55,0.95,0.05
353-9998,-99,-88,0.906,0.094
330-3008,-65,-55,0.993,0.007
384-8629,-92,-80,0.944,0.056
404-9504,-86,-73,0.97,0.03
405-8753,-82,-77,0.939,0.061
409-9911,-100,-88,0.809,0.191
394-4260,-72,-66,0.939,0.061
380-9063,-72,-66,0.994,0.006
395-4509,-76,-74,0.97,0.03
401-6671,-83,-69,0.934,0.066
405-7204,-88,-72,0.972,0.028
329-5377,-71,-64,0.932,0.068
408-9572,-71,-64,0.943,0.057
380-9879,-71,-64,0.955,0.045
384-9243,-72,-60,0.955,0.045
404-5597,-83,-70,0.981,0.019
359-7521,-92,-81,1,0
327-4795,-79,-67,0.998,0.002
338-7955,-88,-74,0.962,0.038
379-6970,-103,-102,0.799,0.201
351-7807,-85,-71,0.996,0.004
342-9394,-74,-64,0.994,0.006
384-6264,-84,-72,0.998,0.002
352-4534,-88,-81,0.923,0.077
378-4617,-78,-58,0.971,0.029
364-9567,-96,-83,0.997,0.003
371-5875,-89,-83,0.97,0.03
383-6489,-78,-67,0.922,0.078
345-7117,-62,-49,0.922,0.078
384-3902,-77,-64,0.939,0.061
386-2759,-95,-86,0.96,0.04
356-1270,-80,-66,0.987,0.013
379-1336,-88,-81,0.923,0.077
354-7201,-88,-81,0.976,0.024
404-5057,-88,-81,0.972,0.028
407-8012,-89,-81,0.928,0.072
332-6139,-118,-91,0.974,0.026
328-1373,-89,-81,0.935,0.065
411-6501,-89,-81,0.985,0.015
329-8056,-89,-81,0.993,0.007
415-4564,-104,-90,0.812,0.188
329-6192,-75,-66,0.962,0.038
384-3904,-75,-66,0.932,0.068
373-1028,-81,-78,0.938,0.062
369-1220,-66,-49,0.978,0.022
359-9369,-67,-55,1,0
415-3016,-95,-85,0.952,0.048
414-7090,-106,-92,0.783,0.217
350-2250,-80,-69,0.971,0.029
383-9355,-89,-79,0.967,0.033
417-3257,-80,-71,0.929,0.071
336-8010,-92,-74,0.956,0.044
354-7718,-95,-81,0.936,0.064
358-4412,-88,-72,0.96,0.04
368-8972,-89,-78,0.99,0.01
407-9841,-87,-74,0.948,0.052
393-5208,-82,-69,0.932,0.068
332-2889,-106,-97,0.95,0.05
374-5530,-86,-63,0.928,0.072
332-3381,-86,-63,0.93,0.07
344-9347,-86,-77,0.964,0.036
412-1991,-108,-87,0.817,0.183
393-4528,-90,-78,0.941,0.059
347-2378,-72,-57,0.949,0.051
385-2699,-62,-40,0.932,0.068
383-4319,-89,-78,0.986,0.014
352-7915,-92,-78,0.981,0.019
375-5547,-89,-77,0.979,0.021
337-2348,-87,-80,0.982,0.018
342-8702,-87,-80,0.969,0.031
393-5802,-63,-56,0.996,0.004
384-2219,-97,-83,0.973,0.027
347-6164,-89,-75,0.993,0.007
376-9940,-90,-83,0.985,0.015
354-4352,-88,-73,0.958,0.042
331-8713,-72,-54,0.945,0.055
341-3663,-94,-82,0.954,0.046
376-4665,-85,-65,0.935,0.065
421-9034,-75,-57,0.938,0.062
401-5169,-75,-57,0.978,0.022
370-8262,-82,-65,0.935,0.065
387-2041,-75,-57,0.957,0.043
356-4146,-82,-65,0.979,0.021
372-8883,-101,-87,0.913,0.087
336-1880,-82,-65,0.936,0.064
347-5843,-82,-65,0.936,0.064
370-8023,-75,-57,0.973,0.027
417-9814,-82,-65,0.975,0.025
387-3422,-75,-57,0.955,0.045
365-1664,-82,-65,0.962,0.038
367-2436,-75,-57,0.922,0.078
344-6258,-85,-65,0.951,0.049
353-8928,-75,-57,0.993,0.007
365-7784,-82,-65,0.965,0.035
330-2635,-100,-92,0.941,0.059
344-3131,-82,-65,0.936,0.064
378-4294,-75,-57,0.983,0.017
343-9365,-82,-67,0.924,0.076
362-5579,-79,-65,0.986,0.014
366-7616,-88,-77,0.992,0.008
397-2870,-77,-67,0.968,0.032
408-3262,-104,-98,0.991,0.009
372-9091,-82,-64,0.98,0.02
410-3159,-108,-101,0.813,0.187
344-5181,-117,-88,0.938,0.062
396-8662,-88,-75,0.991,0.009
339-6446,-91,-78,0.992,0.008
384-7236,-100,-87,0.828,0.172
353-5257,-85,-70,0.939,0.061
369-7295,-95,-80,0.964,0.036
408-5322,-100,-88,0.922,0.078
344-9620,-88,-75,0.977,0.023
329-8436,-75,-58,0.977,0.023
414-6739,-75,-59,0.944,0.056
406-1730,-82,-70,0.973,0.027
336-9327,-93,-84,0.941,0.059
378-7418,-94,-83,0.936,0.064
412-6019,-91,-72,0.991,0.009
390-4789,-78,-65,0.99,0.01
386-9774,-82,-52,0.941,0.059
353-8970,-81,-72,0.974,0.026
410-5370,-88,-74,0.978,0.022
404-4421,-86,-75,0.979,0.021
409-3353,-80,-67,0.956,0.044
422-2571,-89,-76,0.943,0.057
412-3404,-86,-80,0.989,0.011
333-2964,-76,-63,0.93,0.07
406-6669,-88,-76,0.986,0.014
409-8802,-89,-76,0.991,0.009
354-6183,-67,-55,0.953,0.047
354-2434,-88,-81,0.95,0.05
389-7620,-79,-67,0.956,0.044
338-1724,-79,-67,0.997,0.003
399-1750,-81,-67,0.949,0.051
354-8914,-82,-69,0.996,0.004
409-2983,-101,-90,0.867,0.133
329-9689,-76,-70,0.945,0.055
337-8950,-77,-58,0.939,0.061
374-1836,-89,-83,0.956,0.044
359-9454,-92,-79,0.966,0.034
378-9542,-103,-102,0.823,0.177
344-1970,-113,-85,0.851,0.149
417-2774,-70,-57,0.931,0.069
333-9002,-100,-89,0.834,0.166
369-8576,-86,-72,0.94,0.06
372-6920,-87,-72,0.945,0.055
333-6575,-88,-74,0.986,0.014
410-1190,-92,-70,0.927,0.073
376-1641,-89,-76,0.943,0.057
329-6731,-102,-88,0.939,0.061
393-3976,-65,-51,0.959,0.041
388-7355,-100,-88,0.99,0.01
412-7791,-79,-68,0.978,0.022
368-6111,-89,-74,0.957,0.043
401-9420,-56,-56,0.933,0.067
352-5750,-94,-82,0.951,0.049
417-3702,-83,-69,0.984,0.016
353-5714,-85,-72,0.955,0.045
409-9494,-74,-65,0.977,0.023
395-1901,-101,-94,0.949,0.051
378-8342,-85,-73,0.945,0.055
417-6044,-95,-84,0.989,0.011
348-1163,-102,-91,0.869,0.131
337-4600,-101,-91,0.943,0.057
355-5922,-83,-68,0.99,0.01
369-5810,-68,-54,0.924,0.076
340-8291,-80,-68,0.989,0.011
354-7397,-103,-91,0.8,0.2
407-7464,-84,-67,0.927,0.073
386-6411,-85,-72,0.954,0.046
397-3746,-103,-89,0.778,0.222
410-5236,-73,-61,0.938,0.062
409-2412,-75,-60,0.952,0.048
400-7280,-89,-75,0.986,0.014
332-5820,-103,-98,0.797,0.203
373-4483,-69,-48,0.944,0.056
347-6717,-88,-74,0.943,0.057
380-2929,-94,-82,0.944,0.056
420-7692,-90,-76,0.998,0.002
380-6437,-94,-81,0.947,0.053
377-8309,-88,-75,0.956,0.044
407-2718,-75,-56,0.999,0.001
357-1938,-110,-105,0.879,0.121
381-3735,-94,-81,0.982,0.018
409-8453,-91,-80,0.944,0.056
395-6758,-80,-68,0.989,0.011
399-5424,-89,-75,0.999,0.001
409-4671,-117,-96,0.801,0.199
374-6525,-79,-71,0.995,0.005
406-8665,-71,-57,0.97,0.03
342-7716,-67,-47,0.985,0.015
417-2221,-90,-77,0.988,0.012
376-5213,-101,-92,0.898,0.102
348-7448,-72,-66,0.94,0.06
328-8179,-72,-66,0.925,0.075
389-4602,-72,-64,0.969,0.031
413-2238,-91,-75,0.978,0.022
402-3370,-106,-94,0.951,0.049
348-6008,-89,-81,0.961,0.039
371-5655,-89,-81,0.924,0.076
374-5224,-89,-76,0.989,0.011
371-1187,-90,-77,0.985,0.015
337-1100,-94,-84,0.95,0.05
421-8141,-59,-46,0.965,0.035
406-2678,-88,-74,0.997,0.003
415-9649,-81,-67,0.977,0.023
364-8128,-78,-65,0.998,0.002
356-7817,-73,-58,0.986,0.014
404-6357,-73,-58,0.982,0.018
398-2138,-58,-46,0.977,0.023
378-8029,-58,-46,0.968,0.032
386-4215,-91,-82,0.992,0.008
367-8156,-94,-80,0.924,0.076
382-8079,-106,-92,0.851,0.149
354-2985,-92,-81,0.95,0.05
373-6922,-99,-105,0.991,0.009
397-7125,-94,-83,0.943,0.057
333-6296,-94,-83,0.965,0.035
365-6022,-83,-71,0.93,0.07
365-1688,-80,-68,0.996,0.004
382-4872,-75,-65,0.925,0.075
367-6136,-78,-66,0.937,0.063
404-3592,-83,-69,0.99,0.01
415-2949,-90,-76,0.967,0.033
375-8880,-81,-68,0.962,0.038
335-6832,-89,-74,0.929,0.071
361-8367,-96,-84,0.942,0.058
408-2002,-88,-75,0.962,0.038
347-8659,-118,-89,0.884,0.116
376-2922,-95,-79,0.993,0.007
382-2182,-101,-94,0.831,0.169
408-2089,-90,-79,0.932,0.068
369-6890,-108,-91,0.856,0.144
347-2951,-88,-77,0.976,0.024
420-6324,-105,-91,0.83,0.17
402-7650,-79,-65,0.969,0.031
391-2702,-87,-74,0.961,0.039
383-3375,-85,-76,0.981,0.019
392-2733,-79,-66,0.995,0.005
397-9933,-93,-81,0.992,0.008
383-9306,-102,-89,0.992,0.008
369-1929,-101,-95,0.886,0.114
369-4377,-81,-73,0.965,0.035
366-9430,-96,-78,0.979,0.021
353-7407,-90,-81,0.952,0.048
359-7426,-107,-90,0.845,0.155
332-7391,-82,-72,0.975,0.025
405-6559,-82,-72,0.965,0.035
338-8784,-91,-77,0.996,0.004
415-6347,-101,-89,0.847,0.153
354-5058,-89,-79,0.978,0.022
342-5701,-73,-58,0.987,0.013
378-4179,-99,-86,0.945,0.055
407-6391,-75,-62,0.97,0.03
404-3105,-77,-64,0.983,0.017
390-9735,-101,-91,0.908,0.092
350-4820,-93,-77,0.985,0.015
383-8807,-92,-84,0.975,0.025
366-8382,-92,-84,0.959,0.041
402-9704,-92,-79,0.967,0.033
405-2209,-87,-76,0.929,0.071
397-3939,-86,-69,0.945,0.055
343-2689,-103,-89,0.915,0.085
383-9448,-81,-66,0.981,0.019
359-6232,-104,-86,0.97,0.03
369-9772,-92,-85,0.961,0.039
381-7003,-80,-72,0.942,0.058
352-6732,-80,-72,0.931,0.069
388-7540,-99,-93,0.8,0.2
356-3333,-80,-72,0.995,0.005
333-9664,-89,-76,0.998,0.002
363-3763,-91,-79,0.943,0.057
345-7900,-93,-74,0.978,0.022
400-5511,-66,-56,0.985,0.015
381-7597,-66,-56,0.965,0.035
404-9775,-66,-56,0.936,0.064
389-4608,-107,-86,0.817,0.183
403-1742,-79,-65,0.957,0.043
328-9797,-101,-88,0.878,0.122
359-9223,-87,-74,0.943,0.057
336-7696,-83,-72,0.961,0.039
369-2214,-84,-71,0.994,0.006
411-1325,-89,-76,0.976,0.024
410-7553,-96,-81,0.966,0.034
376-4284,-85,-80,0.975,0.025
334-2800,-93,-79,0.964,0.036
369-1904,-94,-81,0.941,0.059
359-3833,-62,-53,0.987,0.013
348-5569,-85,-71,0.969,0.031
342-1960,-83,-68,0.926,0.074
352-9050,-58,-45,0.966,0.034
390-5316,-91,-77,0.934,0.066
418-8568,-100,-90,0.947,0.053
401-4844,-85,-59,0.993,0.007
376-5471,-88,-74,0.94,0.06
409-2917,-53,-37,0.93,0.07
369-6308,-75,-59,0.992,0.008
357-7385,-91,-78,0.994,0.006
405-7119,-85,-71,0.97,0.03
405-3309,-98,-88,0.939,0.061
384-4938,-101,-105,0.783,0.217
377-2725,-66,-59,0.997,0.003
405-6398,-93,-78,0.992,0.008
355-9366,-117,-92,0.869,0.131
403-1128,-94,-79,0.934,0.066
384-9682,-97,-83,0.967,0.033
352-5393,-87,-75,0.998,0.002
395-1229,-91,-79,0.924,0.076
361-9195,-96,-85,0.969,0.031
351-6366,-90,-87,0.949,0.051
346-4919,-90,-87,0.936,0.064
354-9068,-82,-85,0.947,0.053
369-2743,-90,-88,0.964,0.036
343-1347,-102,-92,0.852,0.148
336-5495,-90,-88,0.966,0.034
376-4292,-105,-92,0.878,0.122
391-8677,-90,-88,0.987,0.013
350-7273,-82,-85,0.926,0.074
400-6454,-96,-87,0.943,0.057
422-3052,-77,-62,0.952,0.048
365-6756,-84,-77,0.982,0.018
406-4158,-87,-79,0.957,0.043
383-4641,-67,-53,0.979,0.021
368-5165,-78,-66,0.945,0.055
378-2432,-81,-66,0.991,0.009
362-4159,-81,-66,0.986,0.014
363-7979,-84,-72,0.952,0.048
334-9818,-84,-72,0.953,0.047
352-5787,-105,-91,0.973,0.027
332-3617,-72,-55,0.968,0.032
327-9957,-92,-79,0.968,0.032
338-7527,-86,-73,0.985,0.015
348-8711,-89,-68,0.992,0.008
421-3226,-81,-66,0.993,0.007
391-4358,-94,-81,0.99,0.01
379-2523,-95,-82,0.962,0.038
419-2369,-92,-76,0.967,0.033
382-1227,-93,-83,0.923,0.077
409-5749,-76,-52,0.994,0.006
362-7951,-93,-81,0.945,0.055
415-3537,-104,-89,0.803,0.197
373-3959,-102,-86,0.903,0.097
358-1346,-100,-88,0.815,0.185
381-8422,-74,-58,0.923,0.077
360-9005,-78,-68,0.964,0.036
344-5967,-90,-77,0.982,0.018
396-6390,-97,-84,0.93,0.07
346-5036,-73,-65,0.928,0.072
328-7252,-73,-65,0.98,0.02
360-1745,-91,-77,0.957,0.043
358-2046,-85,-74,0.945,0.055
344-6935,-84,-59,0.962,0.038
401-9665,-103,-87,0.91,0.09
399-5291,-99,-91,0.823,0.177
409-6588,-102,-91,0.909,0.091
358-5721,-84,-59,0.971,0.029
414-7446,-84,-59,0.931,0.069
329-9517,-84,-59,0.947,0.053
415-9553,-84,-59,0.936,0.064
413-3177,-84,-59,0.992,0.008
347-5113,-85,-59,0.974,0.026
330-2662,-85,-59,0.934,0.066
330-5824,-102,-86,0.948,0.052
411-1261,-94,-81,0.982,0.018
329-8788,-94,-81,0.932,0.068
333-7869,-90,-74,0.997,0.003
399-4800,-109,-70,0.95,0.05
402-2072,-82,-69,0.97,0.03
403-6187,-100,-94,0.875,0.125
355-2872,-69,-54,0.991,0.009
386-2970,-85,-71,0.976,0.024
389-6081,-88,-75,0.955,0.045
348-7556,-90,-75,0.957,0.043
334-9163,-84,-73,0.946,0.054
411-4293,-84,-72,0.94,0.06
375-5562,-86,-73,0.999,0.001
386-3823,-85,-73,0.939,0.061
364-6445,-87,-80,0.962,0.038
383-2251,-96,-82,0.925,0.075
351-3169,-85,-65,0.988,0.012
413-6380,-85,-65,0.995,0.005
380-9674,-96,-87,0.933,0.067
345-2319,-83,-63,0.963,0.037
377-5441,-90,-76,0.942,0.058
358-3692,-109,-93,0.964,0.036
400-5831,-92,-78,0.945,0.055
357-5995,-70,-55,0.927,0.073
391-2159,-106,-94,0.891,0.109
398-5954,-89,-69,0.998,0.002
385-6175,-91,-78,0.927,0.073
334-2961,-82,-75,0.957,0.043
405-4303,-79,-65,0.955,0.045
406-4100,-108,-103,0.912,0.088
352-4401,-88,-77,0.96,0.04
347-1473,-90,-80,0.961,0.039
347-2016,-117,-101,0.842,0.158
388-8948,-114,-89,0.893,0.107
402-5509,-74,-61,0.959,0.041
367-2598,-81,-68,0.943,0.057
370-5001,-72,-64,0.979,0.021
332-3693,-91,-80,0.942,0.058
403-9766,-81,-62,0.973,0.027
363-2407,-66,-52,0.975,0.025
395-9214,-66,-52,0.993,0.007
351-8894,-91,-78,0.937,0.063
406-5003,-93,-80,0.972,0.028
398-1332,-88,-74,0.931,0.069
363-8033,-101,-86,0.943,0.057
333-1012,-91,-77,0.924,0.076
391-6260,-53,-42,1,0
336-1353,-66,-56,0.975,0.025
365-5629,-66,-56,0.933,0.067
349-4397,-66,-56,0.984,0.016
380-3910,-76,-71,0.951,0.049
354-7820,-93,-87,0.971,0.029
338-9952,-100,-85,0.995,0.005
405-1821,-91,-79,0.978,0.022
329-8669,-91,-79,0.94,0.06
328-8808,-84,-85,0.988,0.012
409-3018,-87,-84,0.967,0.033
421-5994,-73,-53,0.942,0.058
354-4448,-92,-81,0.941,0.059
352-5081,-83,-69,0.944,0.056
401-7803,-88,-76,0.925,0.075
420-6052,-93,-80,0.961,0.039
352-6084,-84,-68,0.95,0.05
388-8583,-84,-68,0.96,0.04
415-3158,-93,-89,0.965,0.035
402-9304,-95,-90,1,0
341-1916,-82,-66,0.945,0.055
381-2745,-83,-67,0.93,0.07
402-5014,-83,-67,0.981,0.019
399-8846,-82,-66,0.922,0.078
328-9267,-101,-105,0.919,0.081
348-7224,-72,-57,0.944,0.056
336-2190,-94,-80,0.965,0.035
376-4705,-119,-102,0.991,0.009
381-4076,-87,-73,0.975,0.025
348-8464,-82,-70,0.94,0.06
412-7020,-60,-45,0.999,0.001
386-8432,-89,-82,0.992,0.008
337-1802,-93,-85,0.995,0.005
366-1084,-118,-86,0.883,0.117
352-4182,-92,-80,0.929,0.071
368-5628,-93,-63,0.953,0.047
333-8996,-78,-66,0.934,0.066
353-2557,-68,-52,0.936,0.064
356-8621,-94,-88,0.99,0.01
354-6942,-82,-71,0.974,0.026
377-9829,-80,-65,0.967,0.033
348-4660,-100,-92,0.797,0.203
410-5199,-83,-67,0.996,0.004
397-6542,-104,-93,0.975,0.025
333-4492,-95,-81,0.972,0.028
405-9573,-79,-66,0.953,0.047
359-7255,-65,-57,0.97,0.03
419-5501,-82,-68,0.953,0.047
404-4809,-106,-94,0.926,0.074
344-6334,-90,-76,0.923,0.077
400-1899,-91,-77,0.94,0.06
346-5053,-81,-69,0.967,0.033
398-2148,-86,-75,1,0
347-7675,-85,-71,0.957,0.043
411-8956,-82,-74,0.988,0.012
390-3761,-94,-79,0.977,0.023
377-3876,-92,-79,0.932,0.068
345-2476,-95,-83,0.926,0.074
337-7879,-93,-83,0.927,0.073
361-7283,-109,-98,0.821,0.179
372-4868,-103,-87,0.842,0.158
346-8863,-83,-78,0.923,0.077
390-5267,-84,-76,0.944,0.056
392-1547,-73,-60,0.932,0.068
340-8177,-65,-59,0.952,0.048
383-4802,-96,-91,0.97,0.03
378-8567,-76,-64,0.993,0.007
406-7844,-100,-100,0.961,0.039
402-9173,-67,-62,0.94,0.06
352-3440,-78,-76,0.93,0.07
363-1413,-71,-52,0.998,0.002
394-8861,-99,-88,0.957,0.043
358-4036,-80,-66,0.968,0.032
392-4680,-59,-48,0.949,0.051
354-2762,-90,-78,0.955,0.045
371-5811,-83,-71,0.998,0.002
387-2014,-85,-74,0.975,0.025
411-6598,-90,-80,0.942,0.058
355-9356,-95,-77,0.961,0.039
406-4720,-93,-81,0.997,0.003
356-7239,-93,-81,0.942,0.058
328-8747,-89,-75,0.976,0.024
388-9464,-91,-78,0.999,0.001
406-2866,-113,-91,0.926,0.074
333-5729,-103,-96,0.783,0.217
391-1499,-110,-91,0.96,0.04
386-8690,-60,-47,0.957,0.043
391-2231,-87,-73,0.961,0.039
332-2275,-96,-86,0.948,0.052
340-4028,-67,-48,0.964,0.036
363-3486,-78,-65,0.958,0.042
418-3181,-78,-70,0.998,0.002
351-3316,-80,-54,0.964,0.036
369-3626,-99,-87,0.914,0.086
353-2763,-73,-63,0.938,0.062
358-7165,-100,-95,0.864,0.136
353-3223,-80,-65,0.926,0.074
338-9044,-96,-82,0.999,0.001
341-7296,-93,-78,0.962,0.038
398-4431,-97,-83,0.992,0.008
408-5601,-84,-70,0.932,0.068
328-5188,-102,-94,0.874,0.126
329-4474,-80,-66,0.989,0.011
357-4573,-88,-75,0.99,0.01
341-7112,-94,-80,0.941,0.059
400-3147,-88,-74,0.933,0.067
378-1936,-103,-87,0.889,0.111
347-1640,-89,-75,0.948,0.052
374-9531,-74,-62,0.98,0.02
380-4374,-100,-110,0.834,0.166
380-9409,-76,-62,0.967,0.033
387-1116,-122,-110,0.923,0.077
400-7509,-79,-65,0.936,0.064
403-6225,-81,-67,0.934,0.066
382-8274,-69,-55,0.974,0.026
354-5764,-62,-51,0.95,0.05
387-6912,-85,-69,0.965,0.035
384-3413,-122,-89,0.856,0.144
367-3950,-75,-65,0.992,0.008
396-4254,-101,-86,0.991,0.009
333-3010,-100,-86,0.915,0.085
393-1891,-93,-82,0.998,0.002
336-9053,-85,-73,0.996,0.004
353-3372,-100,-91,0.837,0.163
386-8943,-83,-76,0.984,0.016
376-9716,-83,-76,0.941,0.059
370-8676,-83,-76,0.933,0.067
360-2329,-104,-98,0.913,0.087
360-1320,-88,-74,0.979,0.021
329-8638,-76,-61,0.991,0.009
385-1118,-113,-87,0.79,0.21
408-8269,-101,-87,0.784,0.216
391-2334,-81,-72,0.947,0.053
373-8900,-69,-60,0.993,0.007
382-3512,-91,-78,0.965,0.035
420-4089,-90,-77,0.998,0.002
406-8465,-88,-82,0.946,0.054
386-6114,-83,-73,0.982,0.018
413-9328,-100,-96,0.893,0.107
335-7144,-110,-88,0.981,0.019
414-5177,-83,-70,0.947,0.053
350-5993,-82,-68,0.978,0.022
370-1465,-82,-68,0.945,0.055
385-2370,-82,-68,0.972,0.028
358-9146,-82,-68,0.987,0.013
357-8515,-82,-68,0.934,0.066
406-8995,-101,-90,0.865,0.135
344-3145,-94,-81,1,0
341-9890,-104,-89,0.835,0.165
365-4387,-70,-66,0.944,0.056
375-3341,-82,-71,0.993,0.007
418-3096,-98,-88,0.975,0.025
378-3879,-92,-77,0.969,0.031
344-1362,-101,-89,0.946,0.054
419-3937,-87,-76,0.94,0.06
348-4961,-89,-76,0.922,0.078
329-1410,-68,-55,0.955,0.045
332-9896,-68,-55,0.983,0.017
407-8575,-68,-51,0.984,0.016
387-2799,-96,-83,0.991,0.009
373-9108,-89,-80,0.994,0.006
345-3947,-101,-90,0.998,0.002
356-7511,-86,-73,1,0
343-4516,-80,-46,0.997,0.003
408-6305,-84,-75,0.925,0.075
338-7305,-84,-75,0.971,0.029
401-3077,-78,-67,0.939,0.061
401-6977,-94,-84,0.991,0.009
385-1464,-78,-63,0.964,0.036
417-5034,-86,-73,0.996,0.004
420-7066,-83,-70,0.986,0.014
394-8256,-95,-83,0.932,0.068
362-5044,-85,-74,0.998,0.002
350-2075,-97,-84,0.959,0.041
343-5372,-70,-59,0.922,0.078
377-9520,-86,-70,0.993,0.007
391-6773,-96,-82,0.969,0.031
403-4442,-86,-72,0.954,0.046
379-5885,-103,-88,0.977,0.023
399-1021,-92,-78,0.959,0.041
342-4004,-88,-75,0.943,0.057
382-7659,-81,-69,0.972,0.028
342-1004,-103,-86,0.809,0.191
398-5851,-94,-79,0.959,0.041
396-4869,-94,-82,0.953,0.047
422-8333,-96,-83,0.956,0.044
367-9127,-94,-87,0.988,0.012
420-3028,-79,-70,0.981,0.019
357-6348,-62,-47,0.973,0.027
386-1131,-79,-67,0.983,0.017
349-8391,-78,-68,0.978,0.022
421-1484,-84,-71,0.931,0.069
414-2663,-96,-85,0.95,0.05
327-6989,-93,-78,0.971,0.029
405-5513,-100,-85,0.826,0.174
345-9168,-91,-79,0.972,0.028
417-5146,-85,-71,0.972,0.028
339-2792,-88,-74,0.997,0.003
345-8397,-92,-83,0.959,0.041
344-6404,-92,-80,0.948,0.052
417-9455,-92,-80,0.936,0.064
343-1009,-92,-80,0.924,0.076
365-3493,-90,-79,0.973,0.027
376-7043,-90,-79,0.94,0.06
348-5728,-97,-91,0.965,0.035
357-5784,-90,-79,0.931,0.069
417-9844,-90,-79,0.979,0.021
333-7225,-92,-80,0.999,0.001
382-4943,-92,-80,0.941,0.059
345-4589,-102,-100,0.956,0.044
404-6337,-92,-80,0.962,0.038
412-1470,-97,-87,0.954,0.046
394-9220,-87,-72,0.966,0.034
364-5362,-83,-71,0.935,0.065
372-9852,-76,-61,0.991,0.009
394-9984,-85,-70,0.923,0.077
402-1668,-84,-70,0.989,0.011
339-5659,-70,-54,0.974,0.026
341-7279,-70,-54,0.981,0.019
371-3236,-69,-57,0.944,0.056
343-5679,-69,-57,0.999,0.001
347-4626,-69,-57,0.996,0.004
344-8498,-70,-54,0.928,0.072
349-3005,-110,-99,0.908,0.092
371-3498,-75,-62,0.979,0.021
367-4853,-75,-62,0.964,0.036
422-3454,-75,-61,0.96,0.04
403-8915,-98,-84,0.988,0.012
371-2418,-81,-66,0.98,0.02
411-2977,-112,-101,0.881,0.119
389-8163,-93,-79,0.965,0.035
417-4456,-114,-100,0.972,0.028
351-1894,-88,-74,0.971,0.029
386-6408,-90,-72,0.973,0.027
370-9592,-98,-85,0.948,0.052
397-9251,-98,-86,0.994,0.006
395-6913,-88,-75,0.983,0.017
332-3804,-88,-75,0.958,0.042
421-1326,-113,-102,0.808,0.192
415-8200,-85,-78,0.964,0.036
371-9414,-59,-46,0.949,0.051
347-3895,-71,-68,0.979,0.021
342-5854,-56,-51,0.981,0.019
379-7192,-90,-78,0.949,0.051
394-5753,-88,-74,0.943,0.057
390-6932,-57,-41,0.927,0.073
394-3171,-92,-82,0.924,0.076
394-5202,-99,-85,0.993,0.007
348-3777,-56,-42,0.986,0.014
407-3949,-92,-79,0.929,0.071
363-4779,-88,-75,0.932,0.068
340-2239,-93,-81,0.963,0.037
359-3423,-114,-95,0.998,0.002
382-9297,-94,-82,0.944,0.056
330-9294,-80,-65,0.971,0.029
362-8763,-75,-55,0.977,0.023
403-4816,-67,-51,0.942,0.058
371-2155,-98,-84,0.967,0.033
334-1339,-82,-76,0.947,0.053
341-7412,-84,-66,0.952,0.048
375-4770,-75,-61,0.957,0.043
406-7643,-81,-70,0.972,0.028
415-8164,-68,-54,0.924,0.076
354-3545,-84,-70,0.967,0.033
377-3139,-74,-52,0.977,0.023
418-7478,-92,-78,0.999,0.001
385-6952,-93,-79,0.955,0.045
381-8593,-71,-49,0.969,0.031
365-9371,-98,-84,0.988,0.012
401-7335,-98,-85,0.988,0.012
364-5126,-99,-87,0.992,0.008
385-7157,-111,-100,1,0
385-4766,-115,-105,0.802,0.198
390-1760,-78,-66,0.994,0.006
365-8831,-89,-75,0.987,0.013
353-4002,-91,-79,0.987,0.013
367-5923,-89,-76,0.989,0.011
393-9548,-81,-56,0.977,0.023
362-2356,-98,-79,0.95,0.05
365-2341,-75,-62,0.938,0.062
388-8797,-95,-81,0.935,0.065
400-4713,-94,-83,0.926,0.074
420-3042,-79,-67,0.94,0.06
396-4171,-86,-76,0.951,0.049
389-8417,-113,-102,0.862,0.138
339-4068,-78,-63,0.977,0.023
341-4873,-114,-95,0.91,0.09
336-2322,-91,-77,0.954,0.046
402-1607,-95,-82,0.935,0.065
379-3037,-69,-63,0.927,0.073
382-1399,-98,-83,0.956,0.044
394-5489,-110,-88,0.968,0.032
387-6065,-92,-77,0.929,0.071
327-6087,-91,-77,0.96,0.04
341-8667,-91,-77,0.986,0.014
338-9612,-91,-77,0.992,0.008
364-1134,-87,-72,0.97,0.03
413-4811,-92,-80,0.981,0.019
354-4333,-88,-76,0.966,0.034
382-2026,-79,-66,0.927,0.073
368-3287,-97,-85,0.993,0.007
367-8298,-91,-79,0.953,0.047
391-1783,-97,-83,0.983,0.017
393-8762,-101,-87,0.965,0.035
385-1423,-65,-52,0.997,0.003
406-7670,-94,-81,0.957,0.043
339-5423,-64,-50,0.946,0.054
366-8939,-101,-90,0.899,0.101
353-2391,-84,-64,0.937,0.063
372-4203,-95,-82,0.967,0.033
385-5688,-102,-90,0.991,0.009
397-7453,-79,-62,0.997,0.003
366-9015,-72,-52,0.981,0.019
356-1654,-74,-67,0.924,0.076
337-3932,-98,-84,0.927,0.073
350-1126,-82,-69,0.944,0.056
416-3649,-100,-96,0.786,0.214
349-1726,-99,-86,0.942,0.058
405-1589,-95,-81,0.992,0.008
366-7560,-74,-61,0.966,0.034
333-9643,-94,-81,0.981,0.019
355-6422,-94,-80,0.944,0.056
329-5400,-95,-82,0.987,0.013
383-6356,-80,-66,0.955,0.045
377-7276,-91,-76,0.933,0.067
337-1586,-112,-95,0.958,0.042
336-9273,-52,-48,0.946,0.054
415-5476,-111,-101,0.913,0.087
332-2650,-114,-102,0.887,0.113
418-8257,-96,-80,0.956,0.044
407-3121,-84,-70,0.934,0.066
381-2413,-76,-62,0.954,0.046
378-1144,-92,-82,0.988,0.012
359-5091,-83,-70,0.942,0.058
378-6986,-98,-84,0.975,0.025
386-6580,-62,-59,0.997,0.003
419-9713,-72,-61,0.95,0.05
382-6153,-77,-45,0.989,0.011
332-1690,-88,-72,0.971,0.029
348-9383,-88,-76,0.967,0.033
420-3857,-86,-71,0.988,0.012
405-2653,-79,-65,0.971,0.029
417-9278,-98,-86,0.985,0.015
352-5663,-79,-79,0.961,0.039
370-8786,-94,-84,0.996,0.004
415-6333,-94,-84,0.965,0.035
391-6558,-82,-60,0.962,0.038
396-4234,-83,-69,0.944,0.056
345-6961,-116,-90,0.792,0.208
346-5992,-103,-97,0.945,0.055
402-3908,-110,-95,0.963,0.037
350-2340,-66,-56,0.963,0.037
410-2015,-92,-76,0.923,0.077
380-3311,-90,-78,0.943,0.057
399-7029,-78,-69,0.961,0.039
337-3868,-81,-73,0.948,0.052
354-8088,-74,-68,0.934,0.066
416-9723,-74,-58,0.924,0.076
337-4403,-80,-67,0.956,0.044
416-1536,-94,-85,0.954,0.046
386-3796,-96,-84,0.947,0.053
340-4989,-94,-80,0.966,0.034
340-6221,-85,-74,0.951,0.049
363-3469,-85,-74,0.987,0.013
345-3787,-109,-97,0.791,0.209
362-3107,-82,-70,0.923,0.077
345-1994,-71,-59,0.935,0.065
377-5417,-85,-68,0.982,0.018
369-8574,-109,-99,0.99,0.01
344-6847,-84,-75,0.935,0.065
391-7528,-85,-75,0.946,0.054
393-6053,-87,-75,0.962,0.038
392-6286,-78,-70,0.997,0.003
365-9079,-95,-83,0.972,0.028
399-3089,-87,-39,0.981,0.019
365-2192,-87,-39,0.954,0.046
394-3051,-87,-39,0.941,0.059
357-2429,-82,-39,0.95,0.05
421-6268,-82,-39,0.959,0.041
401-5915,-75,-61,0.991,0.009
348-6057,-69,-55,0.944,0.056
349-3843,-89,-68,0.988,0.012
396-5561,-82,-67,0.988,0.012
370-9622,-111,-99,0.888,0.112
371-9602,-89,-72,0.993,0.007
351-2815,-110,-104,0.989,0.011
369-8703,-93,-80,0.949,0.051
355-2840,-95,-76,0.967,0.033
372-1115,-97,-87,0.996,0.004
337-2986,-87,-75,0.935,0.065
404-3238,-92,-78,0.955,0.045
397-4968,-88,-72,0.951,0.049
327-1058,-92,-79,0.956,0.044
419-9509,-84,-73,0.987,0.013
349-7282,-82,-69,0.932,0.068
382-5743,-66,-54,0.933,0.067
358-2694,-95,-81,0.954,0.046
378-1884,-116,-89,0.858,0.142
330-1627,-84,-76,0.934,0.066
392-5716,-96,-83,0.933,0.067
384-6132,-102,-90,0.866,0.134
359-2740,-91,-76,0.94,0.06
338-6714,-101,-90,0.849,0.151
347-9968,-89,-76,0.946,0.054
343-3399,-90,-78,0.958,0.042
334-6129,-102,-113,0.817,0.183
377-4975,-126,-93,0.964,0.036
405-3533,-95,-82,0.987,0.013
337-9326,-95,-88,0.958,0.042
338-6556,-91,-77,0.994,0.006
354-3040,-76,-63,0.983,0.017
396-1278,-97,-82,1,0
354-6810,-97,-84,0.99,0.01
403-6237,-97,-84,0.957,0.043
411-6823,-105,-95,0.88,0.12
338-1400,-82,-68,0.971,0.029
412-6245,-83,-70,0.977,0.023
377-3417,-90,-77,0.966,0.034
343-2597,-81,-69,0.958,0.042
388-8282,-75,-67,0.965,0.035
416-8394,-76,-62,0.98,0.02
343-6643,-66,-50,0.951,0.049
330-4364,-80,-67,0.943,0.057
414-1537,-96,-81,0.975,0.025
408-1913,-106,-91,0.841,0.159
406-5532,-86,-70,0.982,0.018
417-7722,-91,-82,0.986,0.014
367-5226,-105,-89,0.81,0.19
344-5766,-84,-72,1,0
405-1370,-83,-69,0.967,0.033
368-9073,-75,-69,0.97,0.03
373-7974,-102,-96,0.99,0.01
371-4633,-86,-73,0.945,0.055
336-4960,-86,-73,0.959,0.041
405-5083,-86,-73,0.984,0.016
392-1105,-86,-73,0.968,0.032
378-2397,-86,-73,0.953,0.047
331-4184,-86,-73,0.962,0.038
376-2408,-86,-73,0.964,0.036
345-3614,-104,-117,0.916,0.084
370-9296,-86,-73,0.922,0.078
402-5076,-86,-73,0.979,0.021
401-7334,-82,-69,1,0
409-3428,-74,-61,0.989,0.011
362-2067,-94,-87,0.957,0.043
352-2270,-94,-80,0.948,0.052
404-5840,-127,-110,0.896,0.104
360-3126,-66,-49,0.967,0.033
364-8731,-86,-73,0.978,0.022
388-4331,-68,-58,0.923,0.077
335-7324,-124,-113,0.979,0.021
362-8886,-97,-84,0.948,0.052
410-4882,-70,-59,0.963,0.037
371-1139,-99,-85,0.927,0.073
391-5516,-88,-74,0.923,0.077
380-3186,-92,-78,0.968,0.032
347-9995,-71,-56,0.976,0.024
340-9013,-74,-58,0.992,0.008
362-8378,-84,-53,0.947,0.053
418-8969,-76,-59,0.973,0.027
417-1488,-126,-98,0.923,0.077
358-9898,-92,-78,0.973,0.027
373-7308,-90,-81,0.926,0.074
330-7137,-108,-89,0.787,0.213
406-8445,-96,-83,0.968,0.032
404-5283,-85,-71,0.978,0.022
398-3632,-96,-82,0.999,0.001
399-5763,-83,-69,0.991,0.009
340-9449,-82,-71,0.989,0.011
363-1123,-96,-81,0.953,0.047
361-2170,-89,-75,0.961,0.039
406-6304,-95,-82,0.987,0.013
392-5090,-87,-72,0.98,0.02
373-7713,-77,-65,0.959,0.041
392-1376,-74,-61,0.973,0.027
390-6388,-80,-70,0.998,0.002
379-7290,-90,-80,0.961,0.039
397-9928,-90,-79,0.947,0.053
378-6924,-87,-76,0.956,0.044
411-5677,-103,-93,0.838,0.162
400-2738,-81,-69,0.953,0.047
409-1856,-104,-112,0.933,0.067
362-5899,-116,-89,0.985,0.015
377-1164,-76,-72,0.968,0.032
368-8555,-97,-80,0.937,0.063
347-6812,-97,-83,0.969,0.031
348-3830,-95,-88,0.969,0.031
414-4276,-81,-57,0.923,0.077
370-3271,-86,-59,0.922,0.078
328-8230,-75,-68,0.994,0.006
364-6381,-94,-83,0.973,0.027
400-4344,-94,-82,0.947,0.053
